protein,tm,sequence
bovine serum albumin,65,MKWVTFISLLLLFSSAYSRGVFRRDTHKSEIAHRFKDLGEEHFKGLVLIAFSQYLQQCPFDEHVKLVNELTEFAKTCVADESHAGCEKSLHTLFGDELCKVASLRETYGDMADCCEKQEPERNECFLSHKDDSPDLPKLKPDPNTLCDEFKADEKKFWGKYLYEIARRHPYFYAPELLYYANKYNGVFQECCQAEDKGACLLPKIETMREKVLASSARQRLRCASIQKFGERALKAWSVARLSQKFPKAEFVEVTKLVTDLTKVHKECCHGDLLECADDRADLAKYICDNQDTISSKLKECCDKPLLEKSHCIAEVEKDAIPENLPPLTADFAEDKDVCKNYQEAKDAFLGSFLYEYSRRHPEYAVSVLLRLAKEYEATLEECCAKDDPHACYSTVFDKLKHLVDEPQNLIKQNCDQFEKLGEYGFQNALIVRYTRKVPQVSTPTLVEVSRSLGKVGTRCCTKPESERMPCTEDYLSLILNRLCVLHEKTPVSEKVTKCCTESLVNRRPCFSALTPDETYVPKAFDEKLFTFHADICTLPDTEKQIKKQTALVELLKHKPKATEEQLKTVMENFVAFVDKCCAADDKEACFAVEGPKLVVSTQTALA
ovalbumin,71,MGSIGAASMEFCFDVFKELKVHHANENIFYCPIAIMSALAMVYLGAKDSTRTQINKVVRFDKLPGFGDSIEAQCGTSVNVHSSLRDILNQITKPNDVYSFSLASRLYAEERYPILPEYLQCVKELYRGGLEPINFQTAADQARELINSWVESQTNGIIRNVLQPSSVDSQTAMVLVNAIVFKGLWEKAFKDEDTQAMPFRVTEQESKPVQMMYQIGLFRVASMASEKMKILELPFASGTMSMLVLLPDEVSGLEQLESIINFEKLTEWTSSNVMEERKIKVYLPRMKMEEKYNLTSVLMAMGITDVFSSSANLSGISSAESLKISQAVHAAHAEINEAGREVVGSAEAGVDAASVSEEFRADHPFLFCIKHIATNAVLFFGRCVSP
human insulin,64,MALWMRLLPLLALLALWGPDPAAAFVNQHLCGSHLVEALYLVCGERGFFYTPKTRREAEDLQVGQVELGGGPGAGSLQPLALEGSLQKRGIVEQCCTSICSLYQLENYCN
hen egg lysozyme,68,MRSLLILVLCFLPLAALGKVFGRCELAAAMKRHGLDNYRGYSLGNWVCAAKFESNFNTQATNRNTDGSTDYGILQINSRWWCNDGRTPGSRNLCNIPCSALLSSDITASVNCAKKIVSDGNGMNAWVAWRNRCKGTDVQAWIRGCRL
3-Phosphoglycerate kinase (thermophillic),67,MNKKTIRDVDVRGKRVFCRVDFNVPMEQGAITDDTRIRAALPTIRYLIEHGAKVILASHLGRPKGKVVEELRLDAVAKRLGELLERPVAKTNEAVGDEVKAAVDRLNEGDVLLLENVRFYPGEEKNDPELAKAFAELADLYVNDAFGAAHRAHASTEGIAHYLPAVAGFLMEKELEVLGKALSNPDRPFTAIIGGAKVKDKIGVIDNLLEKVDNLIIGGGLAYTFVKALGHDVGKSLLEEDKIELAKSFMEKAKEKGVRFYMPVDVVVADRFANDANTKVVPIDAIPADWSALDIGPKTRELYRDVIRESKLVVWNGPMGVFEMDAFAHGTKAIAEALAEALDTYSVIGGGDSAAAVEKFGLADKMDHISTGGGASLEFMEGKQLPGVVALEDK
3-Phosphoglycerate kinase (mesophillic),53,MSLSSKLSVQDLDLKDKRVFIRVDFNVPLDGKKITSNQRIVAALPTIKYVLEHHPRYVVLASHLGRPNGERNEKYSLAPVAKELQSLLGKDVTFLNDCVGPEVEAAVKASAPGSVILLENLRYHIEEEGSRKVDGQKVKASKEDVQKFRHELSSLADVYINDAFGTAHRAHSSMVGFDLPQRAAGFLLEKELKYFGKALENPTRPFLAILGGAKVADKIQLIDNLLDKVDSIIIGGGMAFTFKKVLENTEIGDSIFDKAGAEIVPKLMEKAKAKGVEVVLPVDFIIADAFSADANTKTVTDKEGIPAGWQGLDNGPESRKLFAATVAKAKTIVWNGPPGVFEFEKFAAGTKALLDEVVKSSAAGNTVIIGGGDTATVAKKYGVTDKISHVSTGGGASLELLEGKELPGVAFLSEKK
Adenylate kinase,74.5,MNLVLMGLPGAGKGTQAEKIVAAYGIPHISTGDMFRAAMKEGTPLGLQAKQYMDRGDLVPDEVTIGIVRERLSKDDCQNGFLLDGFPRTVAQAEALETMLADIGRKLDYVIHIDVRQDVLMERLTGRRICRNCGATYHLIFHPPAKPGVCDKCGGELYQRADDNEATVANRLEVNMKQMKPLVDFYEQKGYLRNINGEQDMEKVFADIRELLGGLAR
Adenylate kinase,48,MSSSESIRMVLIGPPGAGKGTQAPNLQERFHAAHLATGDMLRSQIAKGTQLGLEAKKIMDQGGLVSDDIMVNMIKDELTNNPACKNGFILDGFPRTIPQAEKLDQMLKEQGTPLEKAIELKVDDELLVARITGRLIHPASGRSYHKIFNPPKEDMKDDVTGEALVQRSDDNADALKKRLAAYHAQTEPIVDFYKKTGIWAGVDASQPPATVWADILNKLGKD
CheY,95,MGKRVLIVDDAAFMRMMLKDIITKAGYEVAGEATNGREAVEKYKELKPDIVTMDITMPEMNGIDAIKEIMKIDPNAKIIVCSAMGQQAMVIEAIKAGAKDFIVKPFQPSRVVEALNKVSK
Glutamate dehydrogenase,113,MVEQDPYEIVIKQLERAAQYMEISEEALEFLKRPQRIVEVTIPVEMDDGSVKVFTGFRVQHNWARGPTKGGIRWHPEETLSTVKALAAWMTWKTAVMDLPYGGGKGGIIVDPKKLSDREKERLARGYIRAIYDVISPYEDIPAPDVYTNPQIMAWMMDEYETISRRKTPAFGIITGKPLSIGGSLGRIEATARGASYTIREAAKVLGWDTLKGKTIAIQGYGNAGYYLAKIMSEDFGMKVVAVSDSKGGIYNPDGLNADEVLKWKNEHGSVKDFPGATNITNEELLELEVDVLAPAAIEEVITKKNADNIKAKIVAEVANGPVTPEADEILFEKGILQIPDFLCNAGGVTVSYFEWVQNITGYYWTIEEVRERLDKKMTKAFYDVYNIAKEKNIHMRDAAYVVAVQRVYQAMLDRGWVKH
Glutamate dehydrogenase,55,MSKYVDRVIAEVEKKYADEPEFVQTVEEVLSSLGPVVDAHPEYEEVALLERMVIPERVIEFRVPWEDDNGKVHVNTGYRVQFNGAIGPYKGGLRFAPSVNLSIMKFLGFEQAFKDSLTTLPMGGAKGGSDFDPNGKSDREVMRFCQAFMTELYRHIGPDIDVPAGDLGVGAREIGYMYGQYRKIVGGFYNGVLTGKARSFGGSLVRPEATGYGSVYYVEAVMKHENDTLVGKTVALAGFGNVAWGAAKKLAELGAKAVTLSGPDGYIYDPEGITTEEKINYMLEMRASGRNKVQDYADKFGVQFFPGEKPWGQKVDIIMPCATQNDVDLEQAKKIVANNIKYYIEVANMPTTNEALRFLMQQPNMVVAPSKAVNAGGVLVSGFEMSQNSERLSWTAEEVDSKLHQVMTDIHDGSAAAAERYGLGYNLVAGANIVGFQKIADAMMAQGIAW
Rubredoxin,185.5,MVVKRTMTKKFLEEAFAGESMAHMRYLIFAEKAEQEGFPNIAKLFRAIAYAEFVHAKNHFIALGKLGKTPENLQMGIEGETFEVEEMYPVYNKAAEFQGEKEAVRTTHYALEAEKIHAELYRKAKEKAEKGEDIEIKKVYICPICGYTAVDEAPEYCPVCGAPKEKFVVFE