312.95,MRFFVPLFLVGILFPAILAKQFTKCELSQLLKDIDGYGGIALPELICTMFHTSGYDTQAIVENNESTEYGLFQISNKLWCKSSQVPQSRNICDISCDKFLDDDITDDIMCAKKILDIKGIDYWLAHKALCTEKLEQWLCEKL
314.65,MAEPWGNELASAAARGDLEQLTSLLQNNVNVNAQNGFGRTALQVMKLGNPEIARRLLLRGANPDLKDRTGFAVIHDAARAGFLDTLQTLLEFQADVNIEDNEGNLPLHLAAKEGHLRVVEFLVKHTASNVGHRNHKGDTACDLARLYGRNEVVSLMQANGAG
314.75,KELNDLEKKYNAHIGVYALDTKSGKEVKFNSDKRFAYASTSKAINSAILLEQVPYNKLNKKVHINKDDIVAYSPILEKYVGKDITLKALIEASMTYSDNTANNKIIKEIGGIKKVKQRLKELGDKVTNPVRYEIELNYYSPKSKKDTSTPAAFGKTLNKLIANGKLSKENKKFLLDLMLNNKSGDTLIKDGVPKDYKVADKSGQAITYASRNDVAFVYPKGQSEPIVLVIFTNKDNKSDKPNDKLISETAKSVMKEF
315.25,ETITVSTPIKQIFPDDAFAETIKDNLKKKSVTDAVTQNELNSIDQIIANNSDIKSVQGIQYLPNVTKLFLNGNKLTDIKPLTNLKNLGWLFLDENKIKDLSSLKDLKKLKSLSLEHNGISDINGLVHLPQLESLYLGNNKITDITVLSRLTKLDTLSLEDNQISDIVPLAGLTKLQNLYLSKNHISDLRALAGLKNLDVLELFSQECLNKPIN
316.35,AGAGLDDPHKKEIAMELVSSAENSSLDWKAQYKYIEDIGDGRGYTGGIIGFCSGTGDMLELVQHYTDLEPGNILAKYLPALKKVNGSASHSGLGTPFTKDWATAAKDTVFQQAQNDERDRVYFDPAVSQAKADGLRALGQFAYYDAIVMHGPGNDPTSFGGIRKTAMKKARTPAQGGDETTYLNGFLDARKAAMLTEAAHDDTSRVDTEQRVFLKAGNLDLNPPLKWKTYGDPYVINS
316.85,TPTTFVHLFEWNWQDVAQECEQYLGPKGYAAVQVSPPNEHITGSQWWTRYQPVSYELQSRGGNRAQFIDMVNRCSAAGVDIYVDTLINHMAAGSGTGTAGNSFGNKSFPIYSPQDFHESCTINNSDYGNDRYRVQNCELVGLADLDTASNYVQNTIAAYINDLQAIGVKGFRFDASKHVAASDIQSLMAKVNGSPVVFQEVIDQGGEAVGASEYLSTGLVTEFKYSTELGNTFRNGSLAWLSNFGEGWGFMPSSSAVVFVDNHDNQRGHGGAGNVITFEDGRLYDLANVFMLAYPYGYPKVMSSYDFHGDTDAGGPNVPVHNNGNLECFASNWKCEHRWSYIAGGVDFRNNTADNWAVTNWWDNTNNQISFGRGSSGHMAINKEDSTLTATVQTDMASGQYCNVLKGELSADAKSCSGEVITVNSDGTINLNIGAWDAMAIHKNAKLNTSSAS
317.65,GSVFWEPLSYFNPSTWEKADGYSNGGVFNCTWRANNVNFTNDGKLKLGLTSSAYNKFDCAEYRSTNIYGYGLYEVSMKPAKNTGIVSSFFTYTGPAHGTQWDEIDIEFLGKDTTKVQFNYYTNGVGGHEKVISLGFDASKGFHTYAFDWQPGYIKWYVDGVLKHTATANIPSTPGKIMMNLWNGTGVDDWLGSYNGANPLYAEYDWVKYTSN
317.75,MNIVLMGLPGAGKGTQADRIVEKYGTPHISTGDMFRAAIQEGTELGVKAKSFMDQGALVPDEVTIGIVRERLSKSDCDNGFLLDGFPRTVPQAEALDQLLADMGRKIEHVLNIQVEKEELIARLTGRRICKVCGTSYHLLFNPPQVEGKCDKDGGELYQRADDNPDTVTNRLEVNMNQTAPLLAFYDSKEVLVNINGQKDIKDVFKDLDVILQGNGQ
318.15,PALPEDGGSGAFPPGHFKDPKRLYCKNGGFFLRIHPDGRVDGVREKSDPHIKLQLQAEERGVVSIKGVCANRYLAMKEDGRLLASKCVTDECFFFERLESNNYNTYRSRKYTSWYVALKRTGQYKLGSKTGPGQKAILFLPMSAKS
318.95,SMTDLLSAEDIKKAIGAFTAADSFDHKKFFQMVGLKKKSADDVKKVFHILDKDKSGFIEEDELGSILKGFSSDARDLSAKETKTLMAAGDKDGDGKIGVEEFSTLVAES
319.15,MERYENLFAQLNDRREGAFVPFVTLGDPGIEQSLKIIDTLIDAGADALELGVPFSDPLADGPTIQNANLRAFAAGVTPAQCFEMLALIREKHPTIPIGLLMYANLVFNNGIDAFYARCEQVGVDSVLVADVPVEESAPFRQAALRHNIAPIFICPPNADDDLLRQVASYGRGYTYLLSRSGVTGAENRGALPLHHLIEKLKEYHAAPALQGFGISSPEQVSAAVRAGAAGAISGSAIVKIIEKNLASPKQMLAELRSFVSAMKAASRA
319.65,SKEKFERTKPHVNVGTIGHVDHGKTTLTAAITTVLAKTYGGAARAFDQIDNAPEEKARGITINTSHVEYDTPTRHYAHVDCPGHADYVKNMITGAAQMDGAILVVAATDGPMPQTREHILLGRQVGVPYIIVFLNKCDMVDDEELLELVEMEVRELLSQYDFPGDDTPIVRGSALKALEGDAEWEAKILELAGFLDSYIPEPERAIDKPFLLPIEDVFSISGRGTVVTGRVERGIIKVGEEVEIVGIKETQKSTCTGVEMFRKLLDEGRAGENVGVLLRGIKREEIERGQVLAKPGTIKPHTKFESEVYILSKDEGGRHTPFFKGYRPQFYFRTTDVTGTIELPEGVEMVMPGDNIKMVVTLIHPIAMDDGLRFAIREGGRTVGAGVVAKVLS
319.85,AAQASVVANQLIPINTALTLVMMRSEVVTPVGIPAEDIPRLVSMQVNRAVPLGTTLMPDMVKGYAAKDEL
320.15,TIKEMPQPKTFGELKNLPLLNTDKPVQALMKIADELGEIFKFEAPGRVTRYLSSQRLIKEACDESRFDKNLSQALKFVRDFAGDGLFTSWTHEKNWKKAHNILLPSFSQQAMKGYHAMMVDIAVQLVQKWERLNADEHIEVPEDMTRLTLDTIGLCGFNYRFNSFYRDQPHPFITSMVRALDEAMNKLQRANPDDPAYDENKRQFQEDIKVMNDLVDKIIADRKASGEQSDDLLTHMLNGKDPETGEPLDDENIRYQIITFLIAGHETTSGLLSFALYFLVKNPHVLQKAAEEAARVLVDPVPSYKQVKQLKYVGMVLNEALRLWPTAPAFSLYAKEDTVLGGEYPLEKGDELMVLIPQLHRDKTIWGDDVEEFRPERFENPSAIPQHAFKPFGNGQRACIGQQFALHEATLVLGMMLKHFDFEDHTNYELDIKETLTLKPEGFVVKAKSKKIPL
320.75,MNLVLMGLPGAGKGTQGERIVEDYGIPHISTGDMFRAAMKEETPLGLEAKSYIDKGELVPDEVTIGIVKERLGKDDCERGFLLDGFPRTVAQAEALEEILEEYGKPIDYVINIEVDKDVLMERLTGRRICSVCGTTYHLVFNPPKTPGICDKDGGELYQRADDNEETVSKRLEVNMKQTQPLLDFYSEKGYLANVNGQQDIQDVYADVKDLLGGLKK
320.95,SSESIRMVLIGPPGAGKGTQAPNLQERFHAAHLATGDMLRSQIAKGTQLGLEAKKIMDQGGLVSDDIMVNMIKDELTNNPACKNGFILDGFPRTIPQAEKLDQMLKEQGTPLEKAIELKVDDELLVARITGRLIHPASGRSYHKIFNPPKEDMKDDVTGEALVQRSDDNADALKKRLAAYHAQTEPIVDFYKKTGIWAGVDASQPPATVWADILNKLGKN
321.15,MVSAKDFSGAELYTLEEVQYGKFEARMKMAAASGTVSSMFLYQNGSEIADGRPWVEVDIEVLGKNPGSFQSNIITGKAGAQKTSEKHHAVSPAADQAFHTYGLEWTPNYVRWTVDGQEVRKTEGGQVSNLTGTQGLRFNLWSSESAAWVGQFDESKLPLFQFINWVKVYKYTPGQGEGGSDFTLDWTDNFDTFDGSRWGKGDWTFDGNRVDLTDKNIYSRDGMLILALTRKGQESFNGQVPRD
321.45,VNKRMSMVVSGLTPEEFMLVYKFARKHHITLTNLITEETTHVVMKTDAEFVCERTLKYFLGIAGGKWVVSYFWVTQSIKERKMLNEHDFEVRGDVVNGRNHQGPKRARESQDRKIFRGLEICCYGPFTNMPTDQLEWMVQLCGASVVKELSSFTLGTGVHPIVVVQPDAWTEDNGFHAIGQMCEAPVVTREWVLDSVALYQCQELDTYLIPQIP
322.35,ETSCDQYATFSGNGYIVSNNLWGASAGSGFGCVTSVSLNGAASWHADWQWSGGQNNVKSYQNVQINIPQKRTVNSIGSMPTTASWSYSGSDIRANVAYDLFTAANPNHVTYSGDYELMIWLGKYGDIGPIGSSQGTVNVGGQTWTLYYGYNGAMQVYSFVAQSNTTSYSGDVKNFFNYLRDNKGYNAGGQYVLSYQFGTEPFTGSGTLNVASWTASIN
322.35,CGVPAIQPVLSGLSRIVNGEEAVPGSWPWQVSLQDKTGFHFCGGSLINENWVVTAAHCGVTTSDVVVAGEFDQGSSSEKIQKLKIAKVFKNSKYNSLTINNDITLLKLSTAASFSQTVSAVCLPSASDDFAAGTTCVTTGWGLTRYTNANTPDRLQQASLPLLSNTNCKKYWGTKIKDAMICAGASGVSSCMGDSGGPLVCKKNGAWTLVGIVSWGSSTCSTSTPGVYARVTALVNWVQQTLAAN
322.45,MISLIAALAVDRVIGMENAMPWNLPADLAWFKRNTLDKPVIMGRHTWESIGRPLPGRKNIILSSQPGTDDRVTWVKSVDEAIAACGDVPEIMVIGGGRVYEQFLPKAQKLYLTHIDAEVEGDTHFPDYEPDDWESVFSEFHDADAQNSHSYCFEILERR
322.45,DVSGTVCLSALPPEATDTLNLIASDGPFPYSQDGVVFQNRESVLPTQSYGYYHEYTVITPGARTRGTRRIITGEATQEDYYTGDHYATFSLIDQTC
322.75,SPNSQYLKTRILDIYTPEQRAGIEKSEDWRQFSRRMDTHFPKLMNELDSVYGNNEALLPMLEMLLAQAWQSYSQRNSSLKDIDIARENNPDWILSNKQVGGVCYVDLFAGDLKGLKDKIPYFQELGLTYLHLMPLFKCPEGKSDGGYAVSSYRDVNPALGTIGDLREVIAALHEAGISAVVDFIFNHTSNEHEWAQRCAAGDPLFDNFYYIFPDRRMPDQYDRTLREIFPDQHPGGFSQLEDGRWVWTTFNSFQWDLNYSNPWVFRAMAGEMLFLANLGVDILRMDAVAFIWKQMGTSCENLPQAHALIRAFNAVMRIAAPAVFFKSEAIVHPDQVVQYIGQDECQIGYNPLQMALLWNTLATREVNLLHQALTYRHNLPEHTAWVNYVRSHDDIGWTFADEDAAYLGISGYDHRQFLNRFFVNRFDGSFARGVPFQYNPSTGDCRVSGTAAALVGLAQDDPHAVDRIKLLYSIALSTGGLPLIYLGDEVGTLNDDDWSQDSNKSDDSRWAHRPRYNEALYAQRNDPSTAAGQIYQDLRHMIAVRQSNPRFDGGRLVTFNTNNKHIIGYIRNNALLAFGNFSEYPQTVTAHTLQAMPFKAHDLIGGKTVSLNQDLTLQPYQVMWLEIA
323.55,EDPEVLFKNKGCVACHAIDTKMVGPAYKDVAAKFAGQAGAEAELAQRIKNGSQGVWGPIPMPPNAVSDDEAQTLAKWVLSQK
323.65,PLTSTVNGYRNVGYFAQWGVYGRAFQAKQLDVSGTAKNLTHINYSFGNINNQTLTCFMANKAQGTGPNGSDGAGDAWADFGMGYAADKSVSGKADTWDQPLAGSFNQLKQLKAKNPKLKVMISLGGWTWSKNFSKAAATEASRQKLVSSCIDLYIKGNLPNFEGRGGAGAAAGIFDGIDIDWEWPGTNSGLAGNGVDTVNDRANFKALLAEFRKQLDAYGSTNNKKYVLSAFLPANPADIDAGGWDDPANFKSLDFGSIQGYDLHGAWNPTLTGHQANLYDDPADPRAPSKKFSADKAVKKYLAAGIDPKQLGLGLAAYGRGWTGAKNVSPWGPATDGAPGTYETANEDYDKLKTLGTDHYDAATGSAWRYDGTQWWSYDNIATTKQKTDYIVSKGLGGGMWWELSGDRNGELVGAMSDKFRAAAPGPVTEAAPP
324,MNIFEMLRIDERLRLKIYKDTEGYYTIGIGHLLTKSPSLNAAKSELDKAIGRNCNGVITKDEAEKLFNQDVDAAVRGILRNAKLKPVYDSLDAVRRCALINMVFQMGETGVAGFTNSLRMLQQKRWDEAAVNLAKSIWYNQTPNRAKRVITTFRTGTWDAYKNL
324.15,TTETIQSNANLAPLPPHVPEHLVFDFDMYNPSNLSAGVQEAWAVLQESNVPDLVWTRCNGGHWIATRGQLIREAYEDYRHFSSECPFIPREAGEAYDFIPTSMDPPEQRQFRALANQVVGMPVVDKLENRIQELACSLIESLRPQGQCNFTEDYAEPFPIRIFMLLAGLPEEDIPHLKYLTDQMTRPDGSMTFAEAKEALYDYLIPIIEQRRQKPGTDAISIVANGQVNGRPITSDEAKRMCGLLLVGGLDTVVNFLSFSMEFLAKSPEHRQELIERPERIPAACEELLRRFSLVADGRILTSDYEFHGVQLKKGDQILLPQMLSGLDERENACPMHVDFSRQKVSHTTFGHGSHLCLGQHLARREIIVTLKEWLTRIPDFSIAPGAQIQHKSGIVSGVQALPLVWDPATTKAV
324.15,MQTVLAKIVADKAIWVEARKQQQPLASFQNEVQPSTRHFYDALQGARTAFILECKKASPSKGVIRDDFDPARIAAIYKHYASAISVLTDEKYFQGSFNFLPIVSQIAPQPILCKDFIIDPYQIYLARYYQADACLLMLSVLDDDQYRQLAAVAHSLEMGVLTEVSNEEEQERAIALGAKVVGINNRDLRDLSIDLNRTRELAPKLGHNVTVISESGINTYAQVRELSHFANGFLIGSALMAHDDLHAAVRRVLLGENKVCGLTRGQDAKAAYDAGAIYGGLIFVATSPRCVNVEQAQEVMAAAPLQYVGVFRNHDIADVVDKAKVLSLAAVQLHGNEEQLYIDTLREALPAHVAIWKALSVGETLPAREFQHVDKYVLDNGQGGSGQRFDWSLLNGQSLGNVLLAGGLGADNCVEAAQTGCAGLDFNSAVESQPGIKDARLLASVFQTLRAY
324.15,MSLGAKPFGEKKFIEIKGRRMAYIDEGTGDPILFQHGNPTSSYLWRNIMPHCAGLGRLIACDLIGMGDSDKLDPSGPERYAYAEHRDYLDALWEALDLGDRVVLVVHDWGSALGFDWARRHRERVQGIAYMEAIAMPIEWADFPEQDRDLFQAFRSQAGEELVLQDNVFVEQVLPGLILRPLSEAEMAAYREPFLAAGEARRPTLSWPRQIPIAGTPADVVAIARDYAGWLSESPIPKLFINAEPGALTTGRMRDFCRTWPNQTEITVAGAHFIQEDSPDEIGAAIAAFVRRLRPAHHHHHH
324.15,TVIKNETGTISISQLNKNVWVHTELGSFNGEAVPSNGLVLNTSKGLVLVDSSWDDKLTKELIEMVEKKFQKRVTDVIITHAHADRIGGIKTLKERGIKAHSTALTAELAKKNGYEEPLGDLQTVTNLKFGNMKVETFYPGKGHTEDNIVVWLPQYNILVGGCLVKSTSAKDLGNVADAYVNEWSTSIENVLKRYRNINAVVPGHGEVGDKGLLLHTLDLLK
324.55,EDKITVHFINRDGETLTTKGKIGDSLLDVVVQNNLDIDGFGACEGTLACSTCHLIFEQHIFEKLEAITDEENDMLDLAYGLTDRSRLGCQICLTKAMDNMTVRVP
324.65,MLTEGISIQSYDGHTFGALVGSPAKAPAPVIVIAQEIFGVNAFMRETVSWLVDQGYAAVCPDLYARQAPGTALDPQDEAQREQAYKLWQAFDMEAGVGDLEAAIRYARHQPYSNGKVGLVGYSLGGALAFLVAAKGYVDRAVGYYGVGLEKQLNKVPEVKHPALFHMGGQDHFVPAPSRQLITEGFGANPLLQVHWYEEAGHSFARTSSSGYVASAAALANERTLDFLAPLQSKKP
324.65,MLKQVEIFTDGSCLGNPGPGGYGAILRYRGREKTFSAGYTRTTNNRMELMAAIVALEALKEHCEVILSTDSQYVRQGITQWIHNWKKRGWKTADKKPVKNVDLWQRLDAALGQHQIKWEWVKGHAGHPENERCDELARAAAMNPTLEDTGYQVEV
324.65,HPETLVKVKDAEDQLGARVGYIELDLNSGKILESFRPEERFPMMSTFKVLLCGAVLSRIDAGQEQLGRRIHYSQNDLVEYSPVTEKHLTDGMTVRELCSAAITMSDNTAANLLLTTIGGPKELTAFLHNMGDHVTRLDRWEPELNEAIPNDERDTTMPVAMATTLRKLLTGELLTLASRQQLIDWMEADKVAGPLLRSALPAGWFIADKSGAGERGSRGIIAALGPDGKPSRIVVIYTTGSQATMDERNRQIAEIGASLIKHW
325.05,RAGDRLSGAAARGDVQEVRRLLHRELVHPDALNRFGKTALQVMMFGSTAIALELLKQGASPNVQDTSGTSPVHDAARTGFLDTLKVLVEHGADVNVPDGTGALPIHLAVQEGHTAVVSFLAAESDLHRRDARGLTPLELALQRGAQDLVDILQGHM
325.15,XSLSAAEADLAGKSWAPVFANKNANGLDFLVALFEKFPDSANFFADFKGKSVADIKASPKLRDVSSRIFTRLNEFVNNAANAGKMSAMLSQFAKEHVGFGVGSAQFENVRSMFPGFVASVAAPPAGADAAWTKLFGLIIDALKAAGA
325.25,ACDYTCGSNCYSSSDVSTAQAAGYKLHEDGETVGSNSYPHKYNNYEGFDFSVSSPYYEWPILSSGDVYSGGSPGADRVVFNENNQLAGVITHTGASGNNFVECT
325.25,MNDSEFHRLADQLWLTIEERLDDWDGDSDIDCEINGGVLTITFENGSKIIINRQEPLHQVWLATKQGGYHFDLKGDEWICDRSGETFWDLLEQAATQQAGETVSFR
325.45,MVEINNQRKAFLDMLAWSEGTDNGRQKTRNHGYDVIVGGELFTDYSDHPRKLVTLNPKLKSTGAGRYQLLSRWWDAYRKQLGLKDFSPKSQDAVALQQIKERGALPMIDRGDIRQAIDRCSNIWASLPGAGYGQFEHKADSLIAKFKEAGGTVREIDV
325.65,GLDVAISQNGFFRLVDSNGSVFYSRNGQFKLDENRNLVNMQGMQLTGYPATGTPPTIQQGANPAPITIPNTLMAAKSTTTASMQINLNSTDPVPSKTPFSVSDADSYNKKGTVTVYDSQGNAHDMNVYFVKTKDNEWAVYTHDSSDPAATAPTTASTTLKFNENGILESGGTVNITTGTINGATAATFSLSFLNSMQQNTGANNIVATNQNGYKPGDLVSYQINNDGTVVGNYSNEQEQVLGQIVLANFANNEGLASQGDNVWAATQASGVALLGTAGSGNFGKLTNGALEASNVDLSK
325.65,MAQVLRGTVTDFPGFDERADAETLRKAMKGLGTDEESILTLLTSRSNAQRQEISAAFKTLFGRDLLDDLKSELTGKFEKLIVALMKPSRLYDAYELKHALKGAGTNEKVLTEIIASRTPEELRAIKQVYEEEYGSSLEDDVVGDTSGYYQRMLVVLLQANRDPDAGIDEAQVEQDAQALFQAGELKWGTDEEKFITIFGTRSVSHLRKVFDKYMTISGFQIEETIDRETSGNLEQLLLAVVKSIRSIPAYLAETLYYAMKGAGTDDHTLIRVMVSRSEIDLFNIRKEFRKNFATSLYSMIKGDTSGDYKKALLLLCGEDD
325.75,IGDEPLENYLDTEYFGTIGIGTPAQDFTVIFDTGSSNLWVPSVYCSSLACSDHNQFNPDDSSTFEATSQELSITYGTGSMTGILGYDTVQVGGISDTNQIFGLSETEPGSFLYYAPFDGILGLAYPSISASGATPVFDNLWDQGLVSQDLFSVYLSSNDDSGSVVLLGGIDSSYYTGSLNWVPVSVEGYWQITLDSITMDGETIACSGGCQAIVDTGTSLLTGPTSAIANIQSDIGASENSDGEMVISCSSIDSLPDIVFTIDGVQYPLSPSAYILQDDDSCTSGFEGMDVPTSSGELWILGDVFIRQYYTVFDRANNKVGLAPVA
325.75,AFNNNPSSVGAYSSGTYRNLAQEMGKTNIQQKVNSTFDNMFGYNNTQQLYYPYTENGVYKAHYIKAINPDEGDDIRTEGQSWGMTAAVMLNKQEEFDNLWRFAKAYQKNPDNHPDAKKQGVYAWKLKLNQNGFVYKVDEGPAPDGEEYFAFALLNASARWGNSGEFNYYNDAITMLNTIKNKLMENQIIRFSPYIDNLTDPSYHIPAFYDYFANNVTNQADKNYWRQVATKSRTLLKNHFTKVSGSPHWNLPTFLSRLDGSPVIGYIFNGQANPGQWYEFDAWRVIMNVGLDAHLMGAQAWHKSAVNKALGFLSYAKTNNSKNCYEQVYSYGGAQNRGCAGEGQKAANAVALLASTNAGQANEFFNEFWSLSQPTGDYRYYNGSLYMLAMLHVSGNFKFYNNTFN
325.85,ATSTKKLHKEPATLIKAIDGDTVKLMYKGQPMTFRLLLVDTPETKHPKKGVEKYGPEASAFTKKMVENAKKIEVEFDKGQRTDKYGRGLAYIYADGKMVNEALVRQGLAKVAYVYKPNNTHEQHLRKSEAQAKKEKLNIWSEDNADSGQ
326,MSTIEERVKKIIGEQLGVKQEEVTNNASFVEDLGADSLDTVELVMALEEEFDTEIPDEEAEKITTVQAAIDYINGHQA
326,MAEVPELASEMMAYYSGNEDDLFFEADGPKQMKCSFQDLDLCPLDGGIQLRISDHHYSKGFRQAASVVVAMDKLRKMLVPCPQTFQENDLSTFFPFIFEEEPIFFDTWDNEAYVHDAPVRSLNCTLRDSQQKSLVMSGPYELKALHLQGQDMEQQVVFSMSFVQGEESNDKIPVALGLKEKNLYLSCVLKDDKPTLQLESVDPKNYPKKKMEKRFVFNKIEINNKLEFESAQFPNWYISTSQAENMPVFLGGTKGGQDITDFTMQFVSS
326.05,MRIILLGAPGAGKGTQAQFIMEKYGIPQISTGDMLRAAVKSGSELGKQAKDIMDAGKLVTDELVIALVKERIAQEDCRNGFLLDGFPRTIPQADAMKEAGINVDYVLEFDVPDELIVDRIVGRRVHAPSGRVYHVKFNPPKVEGKDDVTGEELTTRKDDQEETVRKRLVEYHQMTAPLIGYYSKEAEAGNTKYAKVDGTKPVAEVRADLEKILG
326.15,APVRSLNCTLRDSQQKSLVMSGPYELKALHLQGQDMEQQVVFSMSFVQGEESNDKIPVALGLKEKNLYLSCVLKDDKPTLQLESVDPKNYPKKKMEKRFVFNKIEINNKLEFESAQFPNWYISTSQAENMPVFLGGTKGGQDITDFTMQFVSS
326.15,APLPDTPGAPFPAVANFDRSGPYTVSSQSEGPSCRIYRPRDLGQGGVRHPVILWGNGTGAGPSTYAGLLSHWASHGFVVAAAETSNAGTGREMLACLDYLVRENDTPYGTYSGKLNTGRVGTSGHSQGGGGSIMAGQDTRVRTTAPIQPYTLGLGHDSASQRRQQGPMFLMSGGGDTIAFPYLNAQPVYRRANVPVFWGERRYVSHFEPVGSGGAYRGPSTAWFRFQLMDDQDARATFYGAQCSLCTSLLWSVERRGL
326.75,SITDILSAEDIAAALQECQDPDTFEPQKFFQTSGLSKMSASQVKDIFRFIDNDQSGYLDGDELKYFLQKFQSDARELTESETKSLMDAADNDGDGKIGADEFQEMVHS
326.75,ENLKLGFLVKQPEEPWFQTEWKFADKAGKDLGFEVIKIAVPDGEKTLNAIDSLAASGAKGFVICTPDPKLGSAIVAKARGYDMKVIAVDDQFVNAKGKPMDTVPLVMMAATKIGERQGQELYKEMQKRGWDVKESAVMAITANELDTARRRTTGSMDALKAAGFPEKQIYQVPTKSNDIPGAFDAANSMLVQHPEVKHWLIVGMNDSTVLGGVRATEGQGFKAADIIGIGINGVDAVSELSKAQATGFYGSLLPSPDVHGYKSSEMLYNWVAKDVEPPKFTEVTDVVLITRDNFKEELEKKGLGGK
326.95,MLEGKVKWFNSEKGFGFIEVEGQDDVFVHFSAIQGEGFKTLEEGQAVSFEIVEGNRGPQAANVTKEA
327,MMKMEGIALKKRLSWISVCLLVLVSAAGMLFSTAAKTETSSHKAHTEAQVINTFDGVADYLQTYHKLPDNYITKSEAQALGWVASKGNLADVAPGKSIGGDIFSNREGKLPGKSGRTWREADINYTSGFRNSDRILYSSDWLIYKTTDHYQTFTKIR
327,MKGMSKMPQFNLRWPREVLDLVRKVAEENGRSVNSEIYQRVMESFKKEGRIGA
327,MLVMTEYLLSAGICMAIVSILLIGMAISNVSKGQYAKRFFFFATSCLVLTLVVVSSLSSSANASQTDNGVNRSGSEDPTVYSATSTKKLHKEPATLIKAIDGDTVKLMYKGQPMTFRLLLVDTPETKHPKKGVEKYGPEASAFTKKMVENAKKIEVEFDKGQRTDKYGRGLAYIYADGKMVNEALVRQGLAKVAYVYKPNNTHEQHLRKSEAQAKKEKLNIWSEDNADSGQ
327.05,MAEGNTLISVDYEIFGKVQGVFFRKHTQAEGKKLGLVGWVQNTDRGTVQGQLQGPISKVRHMQEWLETRGSPKSHIDKANFNNEKVILKLDYSDFQIVK
327.05,HRNSTQHGHESTRCDPDLVLSAMVSDNHGATYVFSGSHYWRLDTNRDGWHSWPIAHQWPQGPSTVDAAFSWEDKLYLIQDTKVYVFLTKGGYTLVNGYPKRLEKELGSPPVISLEAVDAAFVCPGSSRLHIMAGRRLWWLDLKSGAQATWTELPWPHEKVDGALCMEKPLGPNSCSTSGPNLYLIHGPNLYCYRHVDKLNAAKNLPQPQRVSRLLGCTH
327.15,AKESTGFKPGSAKKGATLFKTRCQQCHTIEEGGPNKVGPNLHGIFGRHSGQVKGYSYTDANINKNVKWDEDSMSEYLTNPKKYIPGTKMAFAGLKKEKDRNDLITYMTKAAK
327.15,AQVINTFDGVADYLQTYHKLPDNYITKSEAQALGWVASKGNLADVAPGKSIGGDIFSNREGKLPGKSGRTWREADINYTSGFRNSDRILYSSDWLIYKTTDHYQTFTKIR
327.55,ETSCDQWATFTGNGYTVSNNLWGASAGSGFGCVTAVSLSGGASWHADWQWSGGQNNVKSYQNSQIAIPQKRTVNSISSMPTTASWSYSGSNIRANVAYDLFTAANPNHVTYSGDYELMIWLGKYGDIGPIGSSQGTVNVGGQSWTLYYGYNGAMQVYSFVAQTNTTNYSGDVKNFFNYLRDNKGYNAAGQYVLSYQFGTEPFTGSGTLNVASWTASIN
327.75,GRGGSSTDQPVANPYNTKEISLAAGLVQQTYCDSTENGLKIGDSELLYTMGEGYARQRVNIYHSPSLGIAVAIEGTNLFSLNSDLHDAKFWQEDPNERYIQYYPKGTKLMHGFQQAYNDLMDDIFTAVKKYKKEKNEKRVTVIGHSLGAAMGLLCAMDIELRMDGGLYKTYLFGLPRLGNPTFASFVDQKIGDKFHSIINGRDWVPTVPPRALGYQHPSDYVWIYPGNSTSAKLYPGQENVHGILTVAREFNFDDHQGIYFHTQIGAVMGECPAQVGAH
327.75,APQQINDIVHRTITPLIEQQKIPGMAVAVIYQGKPYYFTWGYADIAKKQPVTQQTLFELGSVSKTFTGVLGGDAIARGEIKLSDPTTKYWPELTAKQWNGITLLHLATYTAGGLPLQVPDEVKSSSDLLRFYQNWQPAWAPGTQRLYANSSIGLFGALAVKPSGLSFEQAMQTRVFQPLKLNHTWINVPPAEEKNYAWGYREGKAVHVSPGALDAEAYGVKSTIEDMARWVQSNLKPLDINEKTLQQGIQLAQSRYWQTGDMYQGLGWEMLDWPVNPDSIINGSDNKIALAARPVKAITPPTPAVRASWVHKTGATGGFGSYVAFIPEKELGIVMLANKNYPNPARVDAAWQILNALQ
328,MSHHWGYGKHNGPEHWHKDFPIAKGERQSPVDIDTHTAKYDPSLKPLSVSYDQATSLRILNNGHAFNVEFDDSQDKAVLKGGPLDGTYRLIQFHFHWGSLDGQGSEHTVDKKKYAAELHLVHWNTKYGDFGKAVQQPDGLAVLGIFLKVGSAKPGLQKVVDVLDSIKTKGKSADFTNFDPRGLLPESLDYWTYPGSLTTPPLLECVTWIVLKEPISVSSEQVLKFRKLNFNGEGEPEELMVDNWRPAQPLKNRQIKASFK
328.15,ATVPDLESDSFHVDWYSTYAELRETAPVTPVRFLGQDAWLVTGYDEAKAALSDLRLSSDPKKKYPGVEVEFPAYLGFPEDVRNYFATNMGTSDPPTHTRLRKLVSQEFTVRRVEAMRPRVEQITAELLDEVGDSGVVDIVDRFAHPLPIKVICELLGVDEAARGAFGRWSSEILVMDPERAEQRGQAAREVVNFILDLVERRRTEPGDDLLSALISVQDDDDGRLSADELTSIALVLLLAGFEASVSLIGIGTYLLLTHPDQLALVRADPSALPNAVEEILRYIAPPETTTRFAAEEVEIGGVAIPQYSTVLVANGAANRDPSQFPDPHRFDVTRDTRGHLSFGQGIHFCMGRPLAKLEGEVALRALFGRFPALSLGIDADDVVWRRSLLLRGIDHLPVRLDG
329.15,DKATIPSESPFAAAEVADGAIVVDIAKMKYETPELHVKVGDTVTWINREAMPHNVHFVAGVLGEAALKGPMMKKEQAYSLTFTEAGTYDYHCTPHPFMRGKVVVE
329.35,XSLSSKLSVQDLDLKDKRVFIRVDFNVPLDGKKITSNQRIVAALPTIKYVLEHHPRYVVLASHLGRPNGERNEKYSLAPVAKELQSLLGKDVTFLNDCVGPEVEAAVKASAPGSVILLENLRYHIEEEGSRKVDGQKVKASKEDVQKFRHELSSLADVYINDAFGTAHRAHSSMVGFDLPQRAAGFLLEKELKYFGKALENPTRPFLAILGGAKVADKIQLIDNLLDKVDSIIIGGGMAFTFKKVLENTEIGDSIFDKAVGPEIAKLMEKAKAKGVEVVLPVDFIIADAFSASANTKTVTDKEGIPAGWQGLDNGPESRKLFAATVAKATVILWNGPPGVFEFEKFAAGTKALLDEVVKSSAAGNTVIIGGGDTATVAKKYGVTDKISHVSTGGGASLELLEGKELPGVAFLSEKK
329.65,AVINTFDGVADYLIRYKRLPDNYITKSQASALGWVASKGNLAEVAPGKSIGGDVFSNREGRLPSASGRTWREADINYVSGFRNADRLVYSSDWLIYKTTDNYATFTRIR
329.85,MISGILASPGIAFGKALLLKEDEIVIDRKKISADQVDQEVERFLSGRAKASAQLETIKTKAGETFGEEKEAIFEGHIMLLEDEELEQEIIALIKDKHMTADAAAHEVIEGQASALEELDDEYLKERAADVRDIGKRLLRNILGLKIIDLSAIQDEVILVAADLTPSETAQLNLKKVLGFITDAGGRTSHTSIMARSLELPAIVGTGSVTSQVKNDDYLILDAVNNQVYVNPTNEVIDKMRAVQEQVASEKAELAKLKD
330.05,SGKMTGIVKWFNADKGFGFITPDDGSKDVFVHFSAIQNDGYKSLDEGQKVSFTIESGAKGPAAGNVTSL
330.15,EKSVVFKAEGEHFTDQKGNTIVGSGSGGTTKYFRIPAMCTTSKGTIVVFADARHNTASDQSFIDTAAARSTDGGKTWNKKIAIYNDRVNSKLSRVMDPTCIVANIQGRETILVMVGKWNNNDKTWGAYRDKAPDTDWDLVLYKSTDDGVTFSKVETNIHDIVTKNGTISAMLGGVGSGLQLNDGKLVFPVQMVRTKNITTVLNTSFIYSTDGITWSLPSGYCEGFGSENNIIEFNASLVNNIRNSGLRRSFETKDFGKTWTEFPPMDKKVDNRNHGVQGSTITIPSGNKLVAAHSSAQNKNNDYTRSDISLYAHNLYSGEVKLIDDFYPKVGNASGAGYSCLSYRKNVDKETLYVVYEANGSIEFQDLSRHLPVIKSYN
330.25,MSHHWGYGKHNGPEHWHKDFPIAKGERQSPVDIDTHTAKYDPSLKPLSVSYDQATSLRILNNGHAFNVEFDDSQDKAVLKGGPLDGTYRLIQFHFHWGSLDGQGSEHTVDKKKYAAELHLVHWNTKYGDFGKAVQQPDGLAVLGIFLKVGSAKPGLQKVVDVLDSIKTKGKSADFTNFDPRGLLPESLDYWTYPGSLTTPPLLECVTWIVLKEPISVSSEQVLKFRKLNFNGEGEPEELMVDNWRPAQPLKNRQIKASFK
330.25,MKDLVDTTEMYLRTIYELEEEGVTPLRARIAERLEQSGPTVSQTVARMERDGLVVVASDRSLQMTPTGRTLATAVMRKHRLAERLLTDIIGLDINKVHDEADRWEHVMSDEVERRLVKVLKDVSRSPFGNPIPGLDELGVGNSDAAAPGTRVIDAATSMPRKVRIVQINEIFQVETDQFTQLLDADIRVGSEVEIVDRDGHITLSHNGKDVELLDDLAHTIRIEEL
330.25,RLDAPSQIEVKDVTDTTALITWFKPLAEIDGIELTYGIKDVPGDRTTIDLTEDENQYSIGNLKPDTEYEVSLISRRGDMSSNPAKETFTT
330.45,ASTDYWQNWTDGGGIVNAVNGSGGNYSVNWSNTGNFVVGKGWTTGSPFRTINYNAGVWAPNGNGYLTLYGWTRSPLIEYYVVDSWGTYRPTGTYKGTVKSDGGTYDIYTTTRYNAPSIDGDRTTFTQYWSVRQSKRPTGSNATITFSNHVNAWKSHGMNLGSNWAYQVMATEGYQSSGSSNVTVW
330.55,KKIGLFYGTQTGKTESVAEIIRDEFGNDVVTLHDVSQAEVTDLNDYQYLIIGCPTWNIGELQSDWEGLYSELDDVDFNGKLVAYFGTGDQIGYADNFQDAIGILEEKISQRGGKTVGYWSTDGYDFNDSKALRNGKFVGLALDEDNQSDLTDDRIKSWVAQLKSEFGL
330.65,LVKVPLVRKKSLRQNLIKDGKLKDFLKTHKHNPASKYFPEAAALIGDEPLENYLDTEYFGTIGIGTPAQDFTVIFDTGSSNLWVPSVYCSSLACSDHNQFNPDDSSTFEATSQELSITYGTGSMTGILGYDTVQVGGISDTNQIFGLSETEPGSFLYYAPFDGILGLAYPSISASGATPVFDNLWDQGLVSQDLFSVYLSSNDDSGSVVLLGGIDSSYYTGSLNWVPVSVEGYWQITLDSITMDGETIACSGGCQAIVDTGTSLLTGPTSAIANIQSDIGASENSDGEMVISCSSIDSLPDIVFTIDGVQYPLSPSAYILQDDDSCTSGFEGMDVPTSSGELWILGDVFIRQYYTVFDRANNKVGLAPVA
330.65,KDTIALVVSTLNNPFFVSLKDGAQKEADKLGYNLVVLDSQNNPAKELANVQDLTVRGTKILLINPTDSDAVGNAVKMANQANIPVITLDRQATKGEVVSHIASDNVLGGKIAGDYIAKKAGEGAKVIELQGIAGTSAARERGEGFQQAVAAHKFNVLASQPADFDRIKGLNVMQNLLTAHPDVQAVFAQNDEMALGALRALQTAGKSDVMVVGFDGTPDGEKAVNDGKLAATIAQLPDQIGAKGVETADKVLKGEKVQAKYPVDLKLVVKQ
330.85,LPSGSDPAFSQPKSVLDAGLTCQGASPSSVSKPILLVPGTGTTGPQSFDSNWIPLSTQLGYTPCWISPPPFMLNDTQVNTEYMVNAITALYAGSGNNKLPVLTWSQGGLVAQWGLTFFPSIRSKVDRLMAFAPDYKGTVLAGPLDALAVSAPSVWQQTTGSALTTALRNAGGLTQIVPTTNLYSATDEIVQPQVSNSPLDSSYLFNGKNVQAQAVCGPLFVIDHAGSLTSQFSYVVGRSALRSTTGQARSADYGITDCNPLPANDLTPEQKVAAAALLAPAAAAIVAGPKQNCEPDLMPYARPFAVGKRTCSGIVTP
330.95,ADSATPHLDAVEQTLRQVSPGLEGDVWERTSGNKLDGSAADPSDWLLQTPGCWGDDKCADRVGTKRLLAKMTENIGNATRTVDISTLAPFPNGAFQDAIVAGLKESAAKGNKLKVRILVGAAPVYHMNVIPSKYRDELTAKLGKAAENITLNVASMTTSKTAFSWNHSKILVVDGQSALTGGINSWKDDYLDTTHPVSDVDLALTGPAAGSAGRYLDTLWTWTCQNKSNIASVWFAASGNAGCMPTMHKDTNPKASPATGNVPVIAVGGLGVGIKDVDPKSTFRPDLPTASDTKCVVGLHDNTNADRDYDTVNPEESALRALVASAKGHIEISQQDLNATCPPLPRYDIRLYDALAAKMAAGVKVRIVVSDPANRGAVGSGGYSQIKSLSEISDTLRNRLANITGGQQAAKTAMCSNLQLATFRSSPNGKWADGHPYAQHHKLVSVDSSTFYIGSKNLYPSWLQDFGYIVESPEAAKQLDAKLLDPQWKYSQETATVDYARGICNA
331.15,SLLNVPAGKDLPEDIYVVIEIPANADPIKYEIDKESGALFVDRFMSTAMFYPCNYGYINHTLSLDGDPVDVLVPTPYPLQPGSVIRCRPVGVLKMTDEAGEDAKLVAVPHSKLSKEYDHIKDVNDLPELLKAQIAHFFEHYKDLEKGKWVKVEGWENAEAAKAEIVASFERAKNK
331.15,TPEMPVLENRAAQGDITAPGGARRLTGDQTAALRDSLSDKPAKNIILLIGDGMGDSEITAARNYAEGAGGFFKGIDALPLTGQYTHYALNKKTGKPDYVTDSAASATAWSTGVKTYNGALGVDIHEKDHPTILEMAKAAGLATGNVSTAELQDATPAALVAHVTSRKCYGPSATSEKCPGNALEKGGKGSITEQLLNARADVTLGGGAKTFAETATAGEWQGKTLREQAQARGYQLVSDAASLNSVTEANQQKPLLGLFADGNMPVRWLGPKATYHGNIDKPAVTCTPNPQRNDSVPTLAQMTDKAIELLSKNEKGFFLQVEGASIDKQDHAANPCGQIGETVDLDEAVQRALEFAKKEGNTLVIVTADHAHASQIVAPDTKAPGLTQALNTKDGAVMVMSYGNSEEDSQEHTGSQLRIAAYGPHAANVVGLTDQTDLFYTMKAALGLK
331.65,AQSVPYGVSQIKAPALHSQGYTGSNVKVAVIDSGIDSSHPDLKVAGGASMVPSETNPFQDNNSHGTHVAGTVAALNNSIGVLGVAPSASLYAVKVLGADGSGQYSWIINGIEWAIANNMDVINMSLGGPSGSAALKAAVDKAVASGVVVVAAAGNEGTSGSSSTVGYPGKYPSVIAVGAVDSSNQRASFSSVGPELDVMAPGVSIQSTLPGNKYGAYNGTSMASPHVAGAAALILSKHPNWTNTQVRSSLENTTTKLGDSFYYGKGLINVQAAAQ
332,MALKSLVLLSLLVLVLLLVRVQPSLGKETAAAKFERQHMDSSTSAASSSNYCNQMMKSRNLTKDRCKPVNTFVHESLADVQAVCSQKNVACKNGQTNCYQSYSTMSITDCRETGSSKYPNCAYKTTQANKHIIVACEGNPYVPVHFDASV
332,MHKFTKALAAIGLAAVMSQSAMAENLKLGFLVKQPEEPWFQTEWKFADKAGKDLGFEVIKIAVPDGEKTLNAIDSLAASGAKGFVICTPDPKLGSAIVAKARGYDMKVIAVDDQFVNAKGKPMDTVPLVMMAATKIGERQGQELYKEMQKRGWDVKESAVMAITANELDTARRRTTGSMDALKAAGFPEKQIYQVPTKSNDIPGAFDAANSMLVQHPEVKHWLIVGMNDSTVLGGVRATEGQGFKAADIIGIGINGVDAVSELSKAQATGFYGSLLPSPDVHGYKSSEMLYNWVAKDVEPPKFTEVTDVVLITRDNFKEELEKKGLGGK
332.05,MDPQGDAAQKTDTSHHDQDHPTFNKITPNLAEFAFSLYRQLAHQSNSTNIFFSPVSIATAFAMLSLGTKADTHDEILEGLNFNLTEIPEAQIHEGFQELLRTLNQPDSQLQLTTGNGLFLSEGLKLVDKFLEDVKKLYHSEAFTVNFGDTEEAKKQINDYVEKGTQGKIVDLVKELDRDTVFALVNYIFFKGKWERPFEVKDTEEEDFHVDQVTTVKVPMMKRLGMFNIQHCKKLSSWVLLMKYLGNATAIFFLPDEGKLQHLENELTHDIITKFLENEDRRSASLHLPKLSITGTYDLKSVLGQLGITKVFSNGADLSGVTEEAPLKLSKAVHKAVLTIDEKGTEAAGAMFLEAIPMSIPPEVKFNKPFVFLMIEQNTKSPLFMGKVVNPTQK
332.15,ASPDWGYDDKNGPEQWSKLYPIANGNNQSPVDIKTSETKHDTSLKPISVSYNPATAKEIINVGHSFHVNFEDNQDRSVLKGGPFSDSYRLFQFHFHWGSTNEHGSEHTVDGVKYSAELHVAHWNSAKYSSLAEAASKADGLAVIGVLMKVGEANPKLQKVLDALQAIKTKGKRAPFTNFDPSTLLPSSLDFWTYPGSLTHPPLYESVTWIICKESISVSSEQLAQFRSLLSNVEGDNAVPMQHNNRPTQPLKGRTVRASF
332.15,MADEEKLPPGWEKRMSRSSGRVYYFNHITNASQWERPSGNSSSGGKNGQGEPARVRCSHLLVKHSQSRRPSSWRQEKITRTKEEALELINGYIQKIKSGEEDFESLASQFSDCSSAKARGDLGAFSRGQMQKPFEDASFALRTGEMSGPVFTDSGIHIILRTE
332.15,HGSPVDICTAKPRDIPMNPMCIYRSPEKKATEDEGSEQKIPEATNRRVWELSKANSRFATTFYQHLADSKNDNDNIFLSPLSISTAFAMTKLGACNDTLQQLMEVFKFDTISEKTSDQIHFFFAKLNCRLYRKANKSSKLVSANRLFGDKSLTFNETYQDISELVYGAKLQPLDFKENAEQSRAAINKWVSNKTEGRITDVIPSEAINELTVLVLVNTIYFKGLWKSKFSPENTRKELFYKADGESCSASMMYQEGKFRYRRVAEGTQVLELPFKGDDITMVLILPKPEKSLAKVEKELTPEVLQEWLDELEEMMLVVHMPRFRIEDGFSLKEQLQDMGLVDLFSPEKSKLPGIVAEGRDDLYVSDAFHKAFLEVNEEGSEAAASTAVVIAGRSLNPNRVTFKANRPFLVFIREVPLNTIIFMGRVANPCVK
332.65,MERYESLFAQLKERKEGAFVPFVTLGDPGIEQSLKIIDTLIEAGADALELGIPFSDPLADGPTIQNATLRAFAAGVTPAQCFEMLALIRQKHPTIPIGLLMYANLVFNKGIDEFYAQCEKVGVDSVLVADVPVEESAPFRQAALRHNVAPIFICPPNADDDLLRQIASYGRGYTYLLSRAGVTGAENRAALPLNHLVAKLKEYNAAPPLQGFGISAPDQVKAAIDAGAAGAISGSAIVKIIEQHINEPEKMLAALKVFVQPMKAATRS
333,MGDVEKGKKIFVQKCAQCHTVEKGGKHKTGPNLHGLFGRKTGQAPGFTYTDANKNKGITWKEETLMEYLENPKKYIPGTKMIFAGIKKKTEREDLIAYLKKATNE
333,MRSLLILVLCFLPLAALGKVFGRCELAAAMKRHGLDNYRGYSLGNWVCAAKFESNFNTQATNRNTDGSTDYGILQINSRWWCNDGRTPGSRNLCNIPCSALLSSDITASVNCAKKIVSDGNGMNAWVAWRNRCKGTDVQAWIRGCRL
333,CGVPAIQPVLSGLSRIVNGEEAVPGSWPWQVSLQDKTGFHFCGGSLINENWVVTAAHCGVTTSDVVVAGEFDQGSSSEKIQKLKIAKVFKNSKYNSLTINNDITLLKLSTAASFSQTVSAVCLPSASDDFAAGTTCVTTGWGLTRYTNANTPDRLQQASLPLLSNTNCKKYWGTKIKDAMICAGASGVSSCMGDSGGPLVCKKNGAWTLVGIVSWGSSTCSTSTPGVYARVTALVNWVQQTLAAN
333,MASPDWGYDDKNGPEQWSKLYPIANGNNQSPVDIKTSETKHDTSLKPISVSYNPATAKEIINVGHSFHVNFEDNDNRSVLKGGPFSDSYRLFQFHFHWGSTNEHGSEHTVDGVKYSAELHVAHWNSAKYSSLAEAASKADGLAVIGVLMKVGEANPKLQKVLDALQAIKTKGKRAPFTNFDPSTLLPSSLDFWTYPGSLTHPPLYESVTWIICKESISVSSEQLAQFRSLLSNVEGDNAVPMQHNNRPTQPLKGRTVRASF
333.15,TEFKAGSAKKGATLFKTRCLQCHTVEKGGPHKVGPNLHGIFGRHSGQAEGYSYTDANIKKNVLWDENNMSEYLTNPKKYIPGTKMAFGGLKKEKDRNDLITYLKKACE
333.15,GSHMGSLDETTYERLAEETLDSLAEFFEDLADKPYTFEDYDVSFGSGVLTVKLGGDLGTYVINKQTPNKQIWLSSPSSGPKRYDWTGKNWVYSHDGVSLHELLAAELTKALKTKLDLSSLAYSGKDA
334,ACDYTCGSNCYSSSDVSTAQAAGYKLHEDGETVGSNSYPHKYNNYEGFDFSVSSPYYEWPILSSGDVYSGGSPGADRVVFNENNQLAGVITHTGASGNNFVECT
334.05,ALTYRGADISSLLLLEDEGYSYKNLNGQTQALETILADAGINSIRQRVWVNPSDGSYDLDYNLELAKRVKAAGMSLYLDLHLSDTWADPSDQTTPSGWSTTDLGTLKWQLYNYTLEVCNTFAENDIDIEIISIGNEIRAGLLWPLGETSSYSNIGALLHSGAWGVKDSNLATTPKIMIHLDDGWSWDQQNYFYETVLATGELLSTDFDYFGVSYYPFYSASATLASLKTSLANLQSTYDKPVVVVETNWPVSCPNPAYAFPSDLSSIPFSVAGQQEFLEKLAAVVEATTDGLGVYYWEPAWIGNAGLGSSCADNLMVDYTTDEVYESIETLGEL
334.15,TPLGPASSLPQSFLLKCLEQVRKIQGDGAALQEKLCATYKLCHPEELVLLGHSLGIPWAPLSSCPSQALQLAGCLSQLHSGLFLYQGLLQALEGISPELGPTLDTLQLDVADFATTIWQQMEELGMAPALQPTQGAMPAFASAFQRRAGGVLVASHLQSFLEVSYRVLRHLAQP
334.35,MGLASLADFPIGVAVAASGGNADIFTSSARQNIVRAEFNQITAENIMKMSYMYSGSNFSFTNSDRLVSWAAQNGQTVHGHALVWHPSYQLPNWASDSNANFRQDFARHIDTVAAHFAGQVKSWDVVNEALFDSADDPDGRGSANGYRQSVFYRQFGGPEYIDEAFRRARAADPTAELYYNDFNTEENGAKTTALVNLVQRLLNNGVPIDGVGFQMHVMNDYPSIANIRQAMQKIVALSPTLKIKITELDVRLNNPYDGNSSNDYTNRNDCAVSCAGLDRQKARYKEIVQAYLEVVPPGRRGGITVWGIADPDSWLYTHQNLPDWPLLFNDNLQPKPAYQGVVEALSGR
334.55,ETIQPGTGYNNGYFYSYWNDGHGGVTYTNGPGGQFSVNWSNSGNFVGGKGWQPGTKNKVINFSGSYNPNGNSYLSVYGWSRNPLIEYYIVENFGTYNPSTGATKLGEVTSDGSVYDIYRTQRVNQPSIIGTATFYQYWSVRRNHRSSGSVNTANHFNAWAQQGLTLGTMDYQIVAVEGYFSSGSASITVS
334.55,SEKSEEINEKDLRKKSELQGTALGNLKQIYYYNEKAKTENKESHDQFLQHTILFKGFFTDHSWYNDLLVDFDSKDIVDKYKGKKVDLYGAYYGYQCAGGTPNKTACMYGGVTLHDNNRLTEEKKVPINLWLDGKQNTVPLETVKTNKKNVTVQELDLQARRYLQEKYNLYNSDVFDGKVQRGLIVFHTSTEPSVNYDLFGAQGQYSNTLLRIYRDNKTINSENMHIDIYLYTS
335,VQDCYHGDGQSYRGTSSTTTTGKKCQSWSSMTPHRHQKTPENYPNAGLTMNYCRNPDADKGPWCFTTDPSVRWEYCNLKKCSGTEASV
335.15,VQDCYHGDGQSYRGTSSTTTTGKKCQSWSSMTPHRHQKTPENYPNAGLTMNYCRNPDADKGPWCFTTDPSVRWEYCNLKKCSGTEASV
335.35,LIDGKMTRRGDSPWQVVLLDSKKKLACGAVLIHPSWVLTAAHCMDESKKLLVRLGEYDLRRWEKWELDLDIKEVFVHPNYSKSTTDNDIALLHLAQPATLSQTIVPICLPDSGLAERELNQAGQETLVTGWGYHSSREKEAKRNRTFVLNFIKIPVVPHNECSEVMSNMVSENMLCAGILGDRQDACEGDSGGPMVASFHGTWFLVGLVSWGEGCGLLHNYGVYTKVSRYLDWIHGHIRDKEAPQKSWAP
335.65,SAGSKSCDTVDLGYQCSPATSHLWGQYSPFFSLEDELSVSSKLPKDCRITLVQVLSRHGARYPTSSKSKKYKKLVTAIQANATDFKGKFAFLKTYNYTLGADDLTPFGEQQLVNSGIKFYQRYKALARSVVPFIRASGSDRVIASGEKFIEGFQQAKLADPGATNRAAPAISVIIPESETFNNTLDHGVCTKFEASQLGDEVAANFTALFAPDIRARAEKHLPGVTLTDEDVVSLMDMCSFDTVARTSDASQLSPFCQLFTHNEWKKYNYLQSLGKYYGYGAGNPLGPAQGIGFTNELIARLTRSPVQDHTSTNSTLVSNPATFPLNATMYVDFSHDNSMVSIFFALGLYNGTEPLSRTSVESAKELDGYSASWVVPFGARAYFETMQCKSEKEPLVRALINDRVVPLHGCDVDKLGRCKLNDFVKGLSWARSGGNWGECFS
335.85,XDEDETTALVCDNGSGLVKAGFAGDDAPRAVFPSIVGRPRHQGVMVGMGQKDSYVGDEAQSKRGILTLKYPIEHGIITNWDDMEKIWHHTFYNELRVAPEEHPTLLTEAPLNPKANREKMTQIMFETFNVPAMYVAIQAVLSLYASGRTTGIVLDSGDGVTHNVPIYEGYALPHAIMRLDLAGRDLTDYLMKILTERGYSFVTTAEREIVRDIKEKLCYVALDFENEMATAASSSSLEKSYELPDGQVITIGNERFRCPETLFQPSFIGMESAGIHETTYNSIMKCDIDIRKDLYANNVMSGGTTMYPGIADRMQKEITALAPSTMKIKIIAPPERKYSVWIGGSILASLSTFQQMWITKQEYDEAGPSIVHR
336,IGDEPLENYLDTEYFGTIGIGTPAQDFTVIFDTGSSNLWVPSVYCSSLACSDHNQFNPDDSSTFEATSQELSITYGTGSMTGILGYDTVQVGGISDTNQIFGLSETEPGSFLYYAPFDGILGLAYPSISASGATPVFDNLWDQGLVSQDLFSVYLSSNDDSGSVVLLGGIDSSYYTGSLNWVPVSVEGYWQITLDSITMDGETIACSGGCQAIVDTGTSLLTGPTSAIANIQSDIGASENSDGEMVISCSSIASLPDIVFTINGVQYPLSPSAYILQDDDSCTSGFEGMDVPTSSGELWILGDVFIRQYYTVFDRANNKVGLAPVA
336.15,QYAPQTQSGRTSIVHLFEWRWVDIALECERYLGPKGFGGVQVSPPNENVVVTNPSRPWWERYQPVSYKLCTRSGNENEFRDMVTRCNNVGVRIYVDAVINHMCGSGAAAGTGTTCGSYCNPGSREFPAVPYSAWDFNDGKCKTASGGIESYNDPYQVRDCQLVGLLDLALEKDYVRSMIADYLNKLIDIGVAGFRIDASKHMWPGDIKAVLDKLHNLNTNWFPAGSRPFIFQEVIDLGGEAIKSSEYFGNGRVTEFKYGAKLGTVVRKWSGEKMSYLKNWGEGWGFMPSDRALVFVDNHDNQRGHGAGGSSILTFWDARLYKVAVGFMLAHPYGFTRVMSSYRWARNFVNGEDVNDWIGPPNNNGVIKEVTINADTTCGNDWVCEHRWREIRNMVWFRNVVDGEPFANWWDNGSNQVAFGRGNRGFIVFNNDDWQLSSTLQTGLPGGTYCDVISGDKVGNSCTGIKVYVSSDGTAQFSISNSAEDPFIAIHAESKL
336.25,DTVITTNQTGTNNGYYYSFWTDGGGSVSMNLASGGSYGTSWTNCGNFVAGKGWANGARRTVNYSGSFNPSGNAYLTLYGWTANPLVEYYIVDNWGTYRPTGTYKGTVTSDGGTYDVYQTTRVNAPSVEGTKTFNQYWSVRQSKRTGGSITAGNHFDAWARYGMPLGSFNYYMIMATEGYQSSGSSSISVS
336.35,DAHKSEVAHRFKDLGEENFKALVLIAFAQYLQQCPFEDHVKLVNEVTEFAKTCVADESAENCDKSLHTLFGDKLCTVATLRETYGEMADCCAKQEPERNECFLQHKDDNPNLPRLVRPEVDVMCTAFHDNEETFLKKYLYEIARRHPYFYAPELLFFAKRYKAAFTECCQAADKAACLLPKLDELRDEGKASSAKQRLKCASLQKFGERAFKAWAVARLSQRFPKAEFAEVSKLVTDLTKVHTECCHGDLLECADDRADLAKYICENQDSISSKLKECCEKPLLEKSHCIAEVENDEMPADLPSLAADFVESKDVCKNYAEAKDVFLGMFLYEYARRHPDYSVVLLLRLAKTYETTLEKCCAAADPHECYAKVFDEFKPLVEEPQNLIKQNCELFEQLGEYKFQNALLVRYTKKVPQVSTPTLVEVSRNLGKVGSKCCKHPEAKRMPCAEDYLSVVLNQLCVLHEKTPVSDRVTKCCTESLVNRRPCFSALEVDETYVPKEFNAETFTFHADICTLSEKERQIKKQTALVELVKHKPKATKEQLKAVMDDFAAFVEKCCKADDKETCFAEEGKKLVAASQAALGL
336.65,MFQQEVTITAPNGLHTRPAAQFVKEAKGFTSEITVTSNGKSASAKSLFKLQTLGLTQGTVVTISAEGEDEQKAVEHLVKLMAELE
336.75,KETAAAKFERQHMDSSTSAASSSNYCNQMMKSRNLTKDRCKPVNTFVHESLADVQAVCSQKNVACKNGQTNCYQSYSTMSITDCRETGSSKYPNCAYKTTQANKHIIVACEGNPYVPVHFDASV
336.85,RDLEVVAATPTSLLISWDAPAVTVRYYRITYGETGGNSPVQEFTVPGSKSTATISGLKPGVDYTITVYAVTGRGDSPASSKPISINYRTEI
337.15,SHHWGYGKHNGPEHWHKDFPIANGERQSPVDIDTKAVVQDPALKPLALVYGEATSRRMVNNGHSFNVEYDDSQDKAVLKDGPLTGTYRLVQFHFHWGSSDDQGSEHTVDRKKYAAELHLVHWNTKYGDFGTAAQQPDGLAVVGVFLKVGDANPALQKVLDALDSIKTKGKSTDFPNFDPGSLLPNVLDYWTYPGSLTTPPLLESVTWIVLKEPISVSSQQMLKFRTLNFNAEGEPELLMLANWRPAQPLKNRQVRGFPK
337.45,GNSDCYFGNGSAYRGTHSLTESGASCLPWNSMILIGKVYTAQNPSAQALGLGKHNYCRNPDGDAKPWCHVLKNRRLTWEYCDVPSCST
337.55,FDSFWFVQQWPPAVCSFQKSGSCPGSGLRTFTIHGLWPQQSGTSLTNCPGSPFDITKISHLQSQLNTLWPNVLRANNQQFWSHEWTKHGTCSESTFNQAAYFKLAVDMRNNYDIIGALRPHAAGPNGRTKSRQAIKGFLKAKFGKFPGLRCRTDPQTKVSYLVQVVACFAQDGSTLIDCTRDTCGANFIF
337.75,KIEEGKLVIWINGDKGYNGLAEVGKKFEKDTGIKVTVEHPDKLEEKFPQVAATGDGPDIIFWAHDRFGGYAQSGLLAEITPDKAFQDKLYPFTWDAVRYNGKLIAYPIAVEALSLIYNKDLLPNPPKTWEEIPALDKELKAKGKSALMFNLQEPYFTWPLIAADGGYAFKYENGKYDIKDVGVDNAGAKAGLTFLVDLIKNKHMNADTDYSIAEAAFNKGETAMTINGPWAWSNIDTSKVNYGVTVLPTFKGQPSKPFVGVLSAGINAASPNKELAKEFLENYLLTDEGLEAVNKDKPLGAVALKSYEEELAKDPRIAATMENAQKGEIMPNIPQMSAFWYAVRTAVINAASGRQTVDEALKDAQTRITK
337.85,ADKKLVVATDTAFVPFEFKQGDLYVGFDVDLWAAIAKELKLDYELKPMDFSGIIPALQTKNVDLALAGITITDERKKAIDFSDGYYKSGLLVMVKANNNDVKSVKDLDGKVVAVKSGTGSVDYAKANIKTKDLRQFPNIDNAYMELGTNRADAVLHDTPNILYFIKTAGNGQFKAVGDSLEAQQYGIAFPKGSDELRDKVNGALKTLRENGTYNEIYKKWFGTEPK
338.05,TSLREEEESQDNPFYFNSDNSWNTLFKNQYGHIRVLQRFDQQSKRLQNLEDYRLVEFRSKPETLLLPQQADAELLLVVRSGSAILVLVKPDDRREYFFLTSDNPIFSDHQKIPAGTIFYLVNPDPKEDLRIIQLAMPVNNPQIHEFFLSSTEAQQSYLQEFSKHILEASFNSKFEEINRVLFEEEGQQEGVIVNIDSEQIKELSKHAKSSSRKSLSKQDNTIGNEFGNLTERTDNSLNVLISSIEMEEGALFVPHYYSKAIVILVVNEGEAHVELVGPKGNKETLEYESYRAELSKDDVFVIPAAYPVAIKATSNVNFTGFGINANNNNRNLLAGKTDNVISSIGRALDGKDVLGLTFSGSGDEVMKLINKQSGSYFVDAHHHQQEQQKGRKGAFVY
338.05,MMSGAPSATQPATAETQHIADQVRSQLEEKYNKKFPVFKAVSFKSQVVAGTNYFIKVHVGDEDFVHLRVFQSLPHENKPLTLSNYQTNKAKHDELTYF
338.05,KVFERCELARTLKRLGMDGYRGISLANWMCLAKWESGYNTRATNYNAGDRSTDYGIFQINSRYWCNDGKTPGAVNACHLSCSALLQDNIADAVACAKRVVRDPQGIRAWVAWRNRCQNRDVRQYVQGCGV
338.15,DSTSTKVIVHYHRFDSNYTNWDVWMWPYQPVNGNGAAYQFTGTNDDFGAVADTQVPGDNTQVGLIVRKNDWSEKNTPNDLHIDLAKGHEVWIVQGDPTIYYNLSDAQAAAIPSVSNAYLDDEKTVLAKLSMPMTLADAASGFTVIDKTTGEKIPVTSAVSANPVTAVLVGDLQQALGAANNWSPDDDHTLLKKINPNLYQLSGTLPAGTYQYKIALDHSWNTSYPGNNVSLTVPEGGEKVTFTYIPSTNQVFDSVNHPNQAFPTSSAGVQTNLVQLTLASAPDVTHNLDVAADGYKAHNILPRNVLNLPRYDYSGNDLGNVYSKDATSFRVWAPTASNVQLLLYNSEKGSITKQLEMQKSDNGTWKLQVSGNLENWYYLYQVTVNGTTQTAVDPYARAISVNATRGMIVDLKATDPAGWQGDHEQTPANPVDEVIYEAHVRDFSIDANSGMKNKGKYLAFTEHGTKGPDHVKTGIDSLKELGITTVQLQPVEEFNSIDETQPDTYNWGYDPRNYNVPEGAYATTPEGTARITELKQLIQSLHQQRIGVNMDVVYNHTFDVMVSDFDKIVPQYYYRTDSNGNYTNGSGCGNEFATEHPMAQKFVLDSVNYWVNEYHVDGFRFDLMALLGKDTMAKISNELHAINPGIVLYGEPWTGGTSGLSSDQLVTKGQQKGLGIGVFNDNIRNGLDGNVFDKTAQGFATGDPNQVDVIKNGVIGSIQDFTSAPSETINYVTSHDNMTLWDKILASNPSDTEADRIKMDELAHAVVFTSQGVPFMQGGEEMLRTKGGNDNSYNAGDSVNQFDWSRKAQFKDVFDYFSSMIHLRNQHPAFRMTTADQIKQNLTFLESPTNTVAFELKNYANHDTWKNIIVMYNPNKTSQTLNLPSGDWTIVGLGDQIGEKSLGHVMGNVQVPAISTLILKQ
338.15,KTEMKDDFAKLEEQFDAKLGIFALDTGTNRTVAYRPDERFAFASTIKALTVGVLLQQKSIEDLNQRITYTRDDLVNYNPITEKHVDTGMTLKELADASLRYSDNAAQNLILKQIGGPESLKKELRKIGDEVTNPERFEPELNEVNPGETQDTSTARALVTSLRAFALEDKLPSEKRELLIDWMKRNTTGDALIRAGVPDGWEVADKTGAASYGTRNDIAIIWPPKGDPVVLAVLSSRDKKDAKYDDKLIAEATKVVMKALNMNGK
338.15,AQSVPYGVSQIKAPALHSQGYTGSNVKVAVIDSGIDSSHPDLKVAGGASMVPSETNPFQDNNSHGTHVAGTVAALNNSIGVLGVAPSASLYAVKVLGADGSGQYSWIINGIEWAIANNMDVINMSLGGPSGSAALKAAVDKAVASGVVVVAAAGNEGTSGSSSTVGYPGKYPSVIAVGAVDSSNQRASFSSVGPELDVMAPGVSIQSTLPGNKYGAYNGTSMASPHVAGAAALILSKHPNWTNTQVRSSLENTTTKLGDSFYYGKGLINVQAAAQ
338.25,MEQLTKCEVFRELKDLKGYGGVSLPEWVCTTFHTSGYDTQAIVQNNDSTEYGLFQINNKIWCKDDQNPHSSNICNISCDKFLDDDLTDDIVCVKKILDKVGINYWLAHKALCSEKLDQWLCEKL
338.35,MNIFEMLRIDEGLRLKIYKDTEGYYTIGIGHLLTKSPSLNAAKSELDKAIGRNCNGVITKDEAEKLFNQDVDAAVRGILRNAKLKPVYDSLDAVRRCALINMVFQMGETGVAGFTNSLRMLQQKRWDEAAVNLAKSRWYNQTPNRAKRVITTFRTGTWDAYKNL
338.65,KTFTRCGLVHELRKHGFEENLMRNWVCLVEHESSRDTSKTNTNRNGSKDYGLFQINDRYWCSKGASPGKDCNVKCSDLLTDDITKAAKCAKKIYKRHRFDAWYGWKNHCQGSLPDISSC
339,MDETGKELVLALYDYQEKSPREVTMKKGDILTLLNSTNKDWWKVEVNDRQGFVPAAYVKKLD
339,LVKVPLVRKKSLRQNLIKDGKLKDFLKTHKHNPASKYFPEAAALIGDEPLENYLDTEYFGTIGIGTPAQDFTVIFDTGSS
339.15,RPDFCLEPPYTGPCKARIIRYFYNAKAGLAQTFVYGGCRAKRNNFKSAEDAMRTCGGAMMSGAPSATQPATAETQHIADQVRSQLEEKYNKKFPVFKAVSFKSQVVAGTNYFIKVHVGDEDFVHLRVFQSLPHENKPLTLSNYQTNKAKHDELTYF
339.15,VDDDDKIVGGYTCGANTVPYQVSLNSGYHFCGGSLINSQWVVSAAHCYKSGIQVRLGEDNINVVEGNEQFISASKSIVHPSYNSNTLNNDIMLIKLKSAASLNSRVASISLPTSCASAGTQCLISGWGNTKSSGTSYPDVLKCLKAPILSDSSCKSAYPGQITSNMFCAGYLEGGKDSCQGDSGGPVVCSGKLQGIVSWGSGCAQKNKPGVYTKVCNYVSWIKQTIASN
339.15,MDETGKELVLALYDYQEKSPREVTMKKGDILTLLNSTNKDWWKVEVNDRQGFVPAAYVKKLD
339.35,MISHIVAMDENRVIGKDNRLPWHLPADLAYFKRVTMGHAIVMGRKTFEAIGRPLPGRDNVVVTGNRSFRPEGCLVLHSLEEVKQWIASRADEVFIIGGAELFRATMPIVDRLYVTKIFASFPGDTFYPPISDDEWEIVSYTPGGKDEKNPYEHAFIIYERKKAK
339.35,NQQICDRYGTTTIQDRYVVQNNRWGTSATQCINVTGNGFEITQADGSVPTNGAPKSYPSVYDGCHYGNCAPRTTLPMRISSIGSAPSSVSYRYTGNGVYNAAYDIWLDPTPRTNGVNRTEIMIWFNRVGPVQPIGSPVGTAHVGGRSWEVWTGSNGSNDVISFLAPSAISSWSFDVKDFVDQAVSHGLATPDWYLTSIQAGFEPWEGGTGLAVNSFSSAVNA
339.55,MVLGKPQTDPTLEWFLSHCHIHKYPSKSTLIHQGEKAETLYYIVKGSVAVLIKDEEGKEMILSYLNQGDFIGELGLFEEGQERSAWVRAKTACEVAEISYKKFRQLIQVNPDILMRLSAQMARRLQVTSEKVGNLAFLDVTGRIAQTLLNLAKQPDAMTHPDGMQIKITRQEIGQIVGCSRETVGRILKMLEDQNLISAHGKTIVVYGTR
339.75,MNLSRRQLLALTSAGIAMGQASKLAAATKAAEQTGLKSAYKDNFLIGAALNATIASGADERLNTLIAKEFNSITPENCMKWGVLRDAQGQWNWKDADAFVAFGTKHNLHMVGHTLVWHSQIHDEVFKNADGSYISKAALQKKMEEHITTLAGRYKGKLAAWDVVNEAVGDDLKMRDSHWYKIMGDDFIYNAFTLANEVDPKAHLMYNDYNIERTGKREATVEMIERLQKRGMPIHGLGIQGHLGIDTPPIAEIEKSIIAFAKLGLRVHFTSLDVDVLPSVWELPVAEVSTRFEYKPERDPYTKGLPQEMQDKLAKRYEDLFKLFIKHSDKIDRVTFWGVSDDASWLNDFSIPGRTNYPLLFDRKLQPKDAYFRLLDLKRLEHHHHH
339.85,AESTLGAAAAQSGRYFGTAIASGRLSDSTYTSIAGREFNMVTAENEMKIDATEPQRGQFNFSSADRVYNWAVQNGKQVRGHTLAWHSQQPGWMQSLSGSALRQAMIDHINGVMAHYKGKIVQWDVVNEAFADGSSGARRDSNLQRSGNDWIEVAFRTARAADPSAKLCYNDYNVENWTWAKTQAMYNMVRDFKQRGVPIDCVGFQSHFNSGSPYNSNFRTTLQNFAALGVDVAITELDIQGAPASTYANVTNDCLAVSRCLGITVWGVRDSDSWRSEQTPLLFNNDGSKKAAYTAVLDALNGGDSSEPPADGG
340.05,LETFVGDQVLEIVPSNEEQIKNLLQLEAQEHLQLDFWKSPTTPGETAHVRVPFVNVQAVKVFLESQGIAYSIMIEDVQVLLDKENEEMLFNRRRERSGNFNFGAYHTLEEISQEMDNLVAEHPGLVSKVNIGSSFENRPMNVLKFSTGGDKPAIWLDAGIHAREWVTQATALWTANKIVSDYGKDPSITSILDALDIFLLPVTNPDGYVFSQTKNRMWRKTRSKVSGSLCVGVDPNRNWDAGFGGPGASSNPCSDSYHGPSANSEVEVKSIVDFIKSHGKVKAFIILHSYSQLLMFPYGYKCTKLDDFDELSEVAQKAAQSLRSLHGTKYKVGPICSVIYQASGGSIDWSYDYGIKYSFAFELRDTGRYGFLLPARQILPTAEETWLGLKAIMEHVRDHPY
340.15,ALAGTIIAGASLTFQVLDKVLEELGKVSRKIAVGIDNESGGTWTALNAYFRSGTTDVILPEFVPNTKALLYSGRKDTGPVATGAVAAFAYYMSSGNTLGVMFSVPFDYNWYSNWWDVKIYSGKRRADQGMYEDLYYGNPYRGDNGWHEKNLGYGLRMKGIMTSAGEAKMQIKISR
340.15,SKAVKYYTLEEIQKHNNSKSTWLILHYKVYDLTKFLEEHPGGEEVLREQAGGDATENFEDVGHSTDARELSKTFIIGELHPDDRSKITKPSES
340.75,LSECKTGNGKNYRGTMSKTKNGITCQKWSSTSPHRPRFSPATHPSEGLEENYCRNPDNDPQGPWCYTTDPEKRYDYCDILECEEECMH
340.85,EPRAEDGHAHDYVNEAADASGHPRYQEGQLCENCAFWGEAVQDGWGRCTHPDFDEVLVKAEGWCSVYAPAS
341.65,MEQLTKCEVFQKLKDLKDYGGVSLPEWVCTAFHTSGYDTQAIVQNNDSTEYGLFQINNKIWCKDDQNPHSRNICNISCDKFLDDDLTDDIVCAKKILDKVGINYWLAHKALCSEKLDQWLCEKL
341.85,EIRSLCELYGYWSGNGYELLNNLWGKDTATSGWQCTYLDGTNNGGIQWSTAWEWQGAPDNVKSYPYVGKQIQRGRKISDINSMRTSVSWTYDRTDIRANVAYDVFTARDPDHPNWGGDYELMIWLARYGGIYPIGTFHSQVNLAGRTWDLWTGYNGNMRVYSFLPPSGDIRDFSCDIKDFFNYLERNHGYPAREQNLIVYQVGTECFTGGPARFTCRDFRADLW
342.05,EYSSNTQQGRTSIVHLFEWRWVDIALECERYLAPKGFGGVQVSPPNENVAIHNPFRPWWERYQPVSYKLCTRSGNEDEFRNMVTRCNNVGVRIYVDAVINHMCGNAVSAGTSSTCGSYFNPGSRDFPAVPYSGWDFNDGKCKTGSGDIENYNDATQVRDCRLSGLLDLALGKDYVRSKIAEYMNHLIDIGVAGFRIDASKHMWPGDIKAILDKLHNLNSNWFPEGSKPFIYQEVIDLGGEPIKSSDYFGNGRVTEFKYGAKLGTVIRKWNGEKMSYLKNWGEGWGFMPSDRALVFVDNHDNQRGHGAGGASILTFWDARLYKMAVGFMLAHPYGFTRVMSSYRWPRYFENGKDVNDWVGPPNDNGVTKEVTINPDTTCGNDWVCEHRWRQIRNMVNFRNVVDGQPFTNWYDNGSNQVAFGRGNRGFIVFNNDDWTFSLTLQTGLPAGTYCDVISGDKINGNCTGIKIYVSDDGKAHFSISNSAEDPFIAIHAESKL
342.15,AEAGGPGGNQKIGKYTYGSDYGPLIVNDRCEMDDGNVITVDMNSSTDDSKTTPFRFACPTNTYKQVNGAYSPLNDAHFFGGVVFKLYRDWFGTSPLTHKLYMKVHYGRSVENAYWDGTAMLFGDGATMFYPLVSLDVAAHEVSHGFTEQNSGLIYRGQSGGMNEAFSDMAGEAAEFYMRGKNDFLIGYDIKKGSGALRYMDQPSRDGRSIDNASQYYNGIDVHHSSGVYNRAFYLLANSPGWDTRKAFEVFVDANRYYWTATSNYNSGACGVIRSAQNRNYSAADVTRAFSTVGVTCPSAL
342.15,VAEKAKDERELLEKTSELIAGMGDKIGEHLGDKYKAIAKDIADNIKNFQGKTIRSFDDAMASLNKITANPAMKINKADRDALVNAWKHVDAQDMANKLGNLSKAFKVADVVMKVEKVREKSIEGYETGNWGPLMLEVESWVLSGIASSVALGIFSATLGAYALSLGVPAIAVGIAGILLAAVVGALIDDKFADALNNEIIRPAH
342.35,PFELSGKWITSYIGSSDLEKIGENAPFQVFMRSIEFDDKESKVYLNFFSKENGICEEFSLIGTKQEGNTYDVNYAGNNKFVVSYASETALIISNINVDEEGDKTIMTGLLGKGTDIEDQDLEKFKEVTRENGIPEENIVNIIERDDCPA
342.75,ERDCRVSSFRVKENFDKARFSGTWYAMAKKDPEGLFLQDNIVAEFSVDETGQMSATAKGRVRLLNNWDVCADMVGTFTDTEDPAKFKMKYWGVASFLQKGNDDHWIVDTDYDTYAVQYSCRLLNLDGTCADSYSFVFSRDPNGLPPEAQKIVRQRQEELCLARQYRLIVHNGYCDGRSERNL
342.95,ANPYERGPNPTDALLEARSGPFSVSEENVSRLSASGFGGGTIYYPRENNTYGAVAISPGYTGTEASIAWLGERIASHGFVVITIDTITTLDQPDSRAEQLNAALNHMINRASSTVRSRIDSSRLAVMGHSMGGGGSLRLASQRPDLKAAIPLTPWHLNKNWSSVTVPTLIIGADLDTIAPVATHAKPFYNSLPSSISKAYLELDGATHFAPNIPNKIIGKYSVAWLKRFVDNDTRYTQFLCPGPRDGLFGEVEEYRSTCPFYPNSSSVDKLAAALEHHHHHH
343,KKAVINGEQIRSISDLHQTLKKELALPEYYGENLDALWDCLTGWVEYPLVLEWRQFEQSKQLTENGAESVLQVFREAKAEGCDITIILS
343,XRMKQLEDKVEELLSKNYHLENEVARLKKLVGER
343,SKAVKYYTLEEIQKHNNSKSTWLILHYKVYDLTKFLEEHPGGEEVLREQAGGDATENFEDVGHSTDARELSKTFIIGELHPDDRSKITKPSES
343.15,LGGYMLGSAMSRPLIHFGNDYEDCYYRENMHRYPNQVYYRPVDQYSNQNNFVHDCVNITVKQHTVTTTTKGENFTETDIKIMERVVEQMCITQYQRESQAYYQRGA
343.15,ASLRANDAPIVLLHGFTGWGREEMFGFKYWGGVRGDIEQWLNDNGYRTYTLAVGPLSSNWDRVCEAYVQLVGGTVDYGAAHAAKHGHARFGRTYPGLLPELKRGGRIHIIAHSQGGQTARMLVSLLENGSQEEREYAKAHNVSLSPLFEGGHHFVLSVTTIATPHDGTTLVNMVDFTDRFFDLQKAVLEAAAVASNVPYTSQVYDFKLDQWGLRRQPGESFDHYFERLKRSPVWTSTDTARYDLSVSGAEKLNQWVQASPNTYYLSFSTERTYRGALTGNHYPELGMNAFSAVVCAPFLGSYRNPTLGIDSHWLENDGIVNTISMNGPKRGSNDRIVPYDGTLKKGVWNDMGTYNVDHLEIIGVDPNPSFDIRAFYLRLAEQLASLQP
343.15,AAYKVTLVTPTGNVEFQCPDDVYILDAAEEEGIDLPYSCRAGSCSSCAGKLKTGSLNQDDQSFLDDDQIDEGWVLTCAAYPVSDVTIETHKKEELTA
343.35,DIVMTQSPSSLSVSAGERVTMSCKSSQSLLNSGNQKNFLAWYQQKPGQPPKLLIYGASTRESGVPDRFTGSGSGTDFTLTISSVQAEDLAVYYCQNDHSYPLTFGAGTKLELKR
343.35,SWEVGCGAPVPLVKCDENSPYRTITGDCNNRRSPALGAANRALARWLPAEYEDGLALPFGWTQRKTRNGFRVPLAREVSNKIVGYLDEEGVLDQNRSLLFMQWGQIVDHDLDFAPETELGSNEHSKTQCEEYCIQGDNCFPIMFPKNDPKLKTQGKCMPFFRAGFVCPTPPYQSLAREQINAVTSFLDASLVYGSEPSLASRLRNLSSPLGLMAVNQEAWDHGLAYLPFNNKKPSPCEFINTTARVPCFLAGDFRASEQILLATAHTLLLREHNRLARELKKLNPHWNGEKLYQEARKILGAFIQIITFRDYLPIVLGSEMQKWIPPYQGYNNSVDPRISNVFTFAFRFGHMEVPSTVSRLDENYQPWGPEAELPLHTLFFNTWRIIKDGGIDPLVRGLLAKKSKLMNQDKMVTSELRNKLFQPTHKIHGFDLAAINLQRCRDHGMPGYNSWRGFCGLSQPKTLKGLQTVLKNKILAKKLMDLYKTPDNIDIWIGGNAEPMVERGRVGPLLACLLGRQFQQIRDGDRFWWENPGVFTEKQRDSLQKVSFSRLICDNTHITKVPLHAFQANNYPHDFVDCSTVDKLDLSPWASREN
343.55,MVSFKAGINLGGWISQYQVFSKEHFDTFITEKDIETIAEAGFDHVRLPFDYPIIESDDNVGEYKEDGLSYIDRCLEWCKKYNLGLVLDMHHAPGYRFQDFKTSTLFEDPNQQKRFVDIWRFLAKRYINEREHIAFELLNEVVEPDSTRWNKLMLECIKAIREIDSTMWLYIGGNNYNSPDELKNLADIDDDYIVYNFHFYNPFFFTHQKAHWSESAMAYNRTVKYPGQYEGIEEFVKNNPKYSFMMELNNLKLNKELLRKDLKPAIEFREKKKCKLYCGEFGVIAIADLESRIKWHEDYISLLEEYDIGGAVWNYKKMDFEIYNEDRKPVSQELVNILARRKT
343.85,SISSRVKSKRIQLGLNQAELAQKVGTTQQSIEQLENGKTKRPRFLPELASALGVSVDWLLNGTSDSNVR
344.15,KKEDFVGHQVLRISVDDEAQVQKVKELEDLEHLQLDFWRGPARPGFPIDVRVPFPSIQAVKVFLEAHGIRYTIMIEDVQLLLDEEQEQMFASQGRARTTSTFNYATYHTLEEIYDFMDILVAEHPALVSKLQIGRSYEGRPIYVLKFSTGGSNRPAIWIDSGIHSREWITQASGVWFAKKITENYGQNSSFTAILDSMDIFLEIVTNPNGFAFTHSDNRLWRKTRSKASGSLCVGSDSNRNWDAGFGGAGASSSPCAETYHGKYPNSEVEVKSITDFVKNNGNIKAFISIHSYSQLLLYPYGYKTQSPADKSELNQIAKSAVAALKSLYGTSYKYGSIITVIYQASGGVIDWTYNQGIKYSFSFELRDTGRRGFLLPASQIIPTAQETWLALLTIMEHTLNNS
344.35,AEHNPVVMVHGIGGSSSNFEGIKSYLVSQGWSRDKLYAVDFWDKTGTNYNNGPVLSRFVQKVLDETGAKKVDIVAHSMGGANTLYYIKYLDGGNKVANVVTLGGANRLTTDKAPPGTDPNQKILYTSIYSSDDMIVMNYLSRLDGARNVQIHGVGHMGLL
344.35,VEVLLGGDDGSLAFLPGDFSVASGEEIVFKNNAGFPHNVVFDEDEIPSGVDAAKISMSEEDLLNAPGETYKVTLTEKGTYKFYCSPHQGAGMVGKVTVN
345.15,GKITFYEDRGFQGHCYECSSDCPNLQPYFSRCNSIRVDSGCWMLYERPNYQGHQYFLRRGDYPDYQQWMGFNDSIRSCRLIPQHTGTFRMRIYERDDFRGQMSEITDDCPSLQDRFHLTEVHSLNVLEGSWVLYEMPSYRGRQYLLRPGEYRRYLDWGAMNAKVGSLRRVMDFY
345.55,NDSPFYVNPNMSSAEWVRNNPNDPRTPVIRDRIASVPQGTWFAHHNPGQITGQVDALMSAAQAAGKIPILVVYNAPGRDCGNHSSGGAPSHSAYRSWIDEFAAGLKNRPAYIIVEPDLISLMSSCMQHVQQEVLETMAYAGKALKAGSSQARIYFDAGHSAWHSPAQMASWLQQADISNSAHGIATNTSNYRWTADEVAYAKAVLSAIGNPSLRAVIDTSRNGNGPAGNEWCDPSGRAIGTPSTTNTGDPMIDAFLWIKLPGEADGCIAGAGQFVPQAAYEMAIAA
346,LAAVSVDCSEYPKPACTMEYRPLCGSDNKTYGNKCNFCNAVVESNGTLTLSHFGKC
346,AQKTFKVTADSGIHARPATVLVQTASKYDADVNLEYNGKTVNLKSIMGVVSLGIAKGAEITISASGADENDALNALEETMKCEGLGE
346.05,MNLVLMGLPGAGKGTQAEKIVAAYGIPHISTGDMFRAAMKEGTPLGLQAKQYMDRGDLVPDEVTIGIVRERLSKDDCQNGFLLDGFPRTVAQAEALETMLADIGRKLDYVIHIDVRQDVLMERLTGRRICRNCGATYHLIFHPPAKPGVCDKCGGELYQRADDNEATVANRLEVNMKQMKPLVDFYEQKGYLRNINGEQDMEKVFADIRELLGGLAR
346.15,HMQALKKYTIDLTERAEQGKLDPVIGRDEEIRRTIQVLQRRTKNNPVLIGEPGVGKTAIVEGLAQRIINGEVPEGLKGRRVLALDMGALVAGAKYRGEFEERLKGVLNDLAKQEGNVILFIDELHTMVGAGKADGAMDAGNMLKPALARGELHCVGATTLDEYRQYIEKDAALERRFQKVFVAEPSVEDTIAILR
346.45,AQKTFKVTADSGIHARPATVLVQTASKYDADVNLEYNGKTVNLKSIMGVVSLGIAKGAEITISASGADENDALNALEETMKCEGLGE
347,MKTEWPELVGKSVEEAKKVILQDKPEAQIIVLPVGTIVTMEYRIDRVRLFVDKLDNVAEVPRVG
347.05,MTKQEKTALNMARFIRSQTLTLLEKLNELDADEQADICESLHDHADELYRSCLARFGDDGENL
347.15,KVFGRCELAAAMKRHGLDNYRGYSLGNWVCAAKFESNFNTQATNRNTDGSTDYGILQINSRWWCNDGRTPGSRNLCNIPCSALLSSDITASVNCAKKIVSDGNGMNAWVAWRNRCKGTDVQAWIRGCRL
347.45,AAGTAKGHNPTEFPTIYDASSAPTAANTTVGIITIGGVSQTLQDLQQFTSANGLASVNTQTIQTGSSNGDYSDDQQGQGEWDLDSQSIVGSAGGAVQQLLFYMADQSASGNTGLTQAFNQAVSDNVAKVINVSLGWCEADANADGTLQAEDRIFATAAAQGQTFSVSSGDEGVYECNNRGYPDGSTYSVSWPASSPNVIAVGGTTLYTTSAGAYSNETVWNEGLDSNGKLWATGGGYSVYESKPSWQSVVSGTPGRRLLPDISFDAAQGTGALIYNYGQLQQIGGTSLASPIFVGLWARLQSANSNSLGFPAASFYSAISSTPSLVHDVKSGNNGYGGYGYNAGTGWDYPTGWGSLDIAKLSAYIRSNGF
348.65,AQSVPWGISRVQAPAAHNRGLTGSGVKVAVLDTGISTHPDLNIRGGASFVPGEPSTQDGNGHGTHVAGTIAALNNSIGVLGVAPSAELYAVKVLGASGSGSVSSIAQGLEWAGNNGMHVANLSLGSPSPSATLEQAVNSATSRGVLVVAASGNSGAGSISYPARYANAMAVGATDQNNNRASFSQYGAGLDIVAPGVNVQSTYPGSTYASLNGTSMATPHVAGAAALVKQKNPSWSNVQIRNHLKNTATSLGSTNLYGSGLVNAEAATR
349.15,PTKLETFPLDVLVNTAAEDLPRGVDPSRKENHLSDEDFKAVFGMTRSAFANLPLWKQQNLKKEKGLF
349.95,AQYEDGKQYTTLEKPVAGAPQVLEFFSFFCPHCYQFEEVLHISDNVKKKLPEGVKMTKYHVNFMGGDLGKDLTQAWAVAMALGVEDKVTVPLFEGVQKTQTIRSASDIRDVFINAGIKGEEYDAAWNSFVVKSLVAQQEKAAADVQLRGVPAMFVNGKYQLNPQGMDTSNMDVFVQQYADTVKYLSEKK
350.05,MQRGKVKWFNNEKGYGFIEVEGGSDVFVHFTAIQGEGFKTLEEGQEVSFEIVQGNRGPQAANVVKL
350.75,MKVIFLKDVKGKGKKGEIKNVADGYANNFLFKQGLAIEATPANLKALEAQK
351.15,XGSIGAASMEFCFDVFKELKVHHANENIFYCPIAIMSALAMVYLGAKDSTRTQINKVVRFDKLPGFGDSIEAQCGTSVNVHSSLRDILNQITKPNDVYSFSLASRLYAEERYPILPEYLQCVKELYRGGLEPINFQTAADQARELINSWVESQTNGIIRNVLQPSSVDSQTAMVLVNAIVFKGLWEKAFKDEDTQAMPFRVTEQESKPVQMMYQIGLFRVASMASEKMKILELPFASGTMSMLVLLPDEVSGLEQLESIINFEKLTEWTSSNVMEERKIKVYLPRMKMEEKYNLTSVLMAMGITDVFSSSANLSGISSAESLKISQAVHAAHAEINEAGREVVGSAEAGVDAASVSEEFRADHPFLFCIKHIATNAVLFFGRCVSP
351.15,GQYKIQIFEKGDFSGQMYETTEDCPSIMEQFHMREIHSCKVLEGVWIFYELPNYRGRQYLLDKKEYRKPIDWGAASPAVQSFRRIVE
351.45,GLSDGEWQQVLNVWGKVEADIAGHGQEVLIRLFTGHPETLEKFDKFKHLKTEAEMKASEDLKKHGTVVLTALGGILKKKGHHEAELKPLAQSHATKHKIPIKYLEFISDAIIHVLHSKHPGDFGADAQGAMTKALELFRNDIAAKYKELGFQG
352,MDPGDASELTPAVTTYKLVINGKTLKGETTTKAVDAETAEKAFKQYANDNGVDGVWTYDDATKTFTVTEMVTEVPVASKRKED
352.55,MDPGDASELTPAVTTYKLVINGKTLKGETTTKAVDAETAEKAFKQYANDNGVDGVWTYDDATKTFTVTEMVTEVPVASKRKED
352.55,AAPTAYTPLDVAQAYQFPEGLDGQGQCIAIIELGGGYDETSLAQYFASLGVSAPQVVSVSVDGATNQPTGDPNGPDGEVELDIEVAGALAPGAKIAVYFAPNTDAGFLNAITTAVHDPTHKPSIVSISWGGPEDSWAPASIAAMNRAFLDAAALGVTVLAAAGDSGSTDGEQDGLYHVDFPAASPYVLACGGTRLVASAGRIERETVWNDGPDGGSTGGGVSRIFPLPSWQERANVPPSANPGAGSGRGVPDVAGNADPATGYEVVIDGETTVIGGTSAVAPLFAALVARINQKLGKPVGYLNPTLYQLPPEVFHDITEGNNDIANRARIYQAGPGWDPCTGLGSPIGIRLLQALLP
352.55,TQDCSFQHSPISSDFAVKIRELSDYLLQDYPVTVASNLQDDELCGGLWRLVLAQRWMERLKTVAGSKMQGLLERVNTEIHFVTKCAFQPPPSCLRFVQTNISRLLQETSEQLVALKPWITRQNFSRCLELQCQP
352.65,AECSVDIQGNDQMQFNTNAITVDKSCKQFTVNLSHPGNLPKNVMGHNWVLSTAADMQGVVTDGMASGLDKDYLKPDDSRVIAHTKLIGSGEKDSVTFDVSKLKEGEQYMFFCTFPGHSALMKGTLTLK
353,KVFERCELARTLKRLGMDGYRGISLANWMCLAKWESGYNTRATNYNAGDRSTDYGIFQINSRYWCNDGKTPGAVNACHLSCSALLQDNIADAVACAKRVVRDPQGIRAWVAWRNRCQNRDVRQYVQGCGV
353.25,VTLFVALYDYEARTEDDLSFHKGEKFQILNSSEGDWWEARSLTTGETGYIPSNYVAPVD
353.35,KLSDPYHFTVNAAAETEPVDTAGDAADDPAIWLDPKNPQNSKLITTNKKSGLAVYSLEGKMLHSYHTGKLNNVDIRYDFPLNGKKVDIAAASNRSEGKNTIEIYAIDGKNGTLQSITDPNRPIASAIDEVYGFSLYHSQKTGKYYAMVTGKEGEFEQYELNADKNGYISGKKVRAFKMNSQTEGMAADDEYGSLYIAEEDEAIWKFSAEPDGGSNGTVIDRADGRHLTPDIEGLTIYYAADGKGYLLASSQGNSSYAIYERQGQNKYVADFQITDGPETDGTSDTDGIDVLGFGLGPEYPFGLFVAQDGENIDHGQKANQNFKMVPWERIADKIGFHPQVNKQVDPRKMTDRSGK
353.35,LIVTQTMKGLDIQKVAGTWYSLAMAASDISLLDAQSAPLRVYVEELKPTPEGDLEILLQKWENDECAQKKIIAEKTKIPAVFKIDALNENKVLVLDTDYKKYLLFCMENSAEPEQSLVCQCLVRTPEVDDEALEKFDKALKALPMHIRLSFNPTQLEEQCHI
353.95,AGVPFNTKYPYGPTSIADNQSEVTAMLKAEWEDWKSKRITSNGAGGYKRVQRDASTNYDTVSEGMGYGLLLAVCFNEQALFDDLYRYVKSHFNGNGLMHWHIDANNNVTSHDGGDGAATDADEDIALALIFADKQWGSSGAINYGQEARTLINNLYNHCVEHGSYVLKPGDRWGGSSVTNPSYFAPAWYKVYAQYTGDTRWNQVADKCYQIVEEVKKYNNGTGLVPDWCTASGTPASGQSYDYKYDATRYGWRTAVDYSWFGDQRAKANCDMLTKFFARDGAKGIVDGYTIQGSKISNNHNASFIGPVAAASMTGYDLNFAKELYRETVAVKDSEYYGYYGNSLRLLTLLYITGNFPNPLSDL
354.75,XGDVEKGKKIFVQKCAQCHTVEKGGKHKTGPNLHGLFGRKTGQAPGFTYTDANKNKGITWKEETLMEYLENPKKYIPGTKMIFAGIKKKTEREDLIAYLKKATNE
355.15,FPTIPLSRLFQNAMLRAHRLHQLAFDTYEEFEEAYIPKEQKYSFLQAPQASLCFSESIPTPSNREQAQQKSNLQLLRISLLLIQSWLEPVGFLRSVFANSLVYGASDSDVYDLLKDLEEGIQTLMGRLEDGSPRTGQAFKQTYAKFDANSHNDDALLKNYGLLYCFRKDMDKVETFLRIVQCRSVEGSCGF
355.35,VLSEGEWQLVLHVWAKVEADVAGHGQDILIRLFKSHPETLEKFDRFKHLKTEAEMKASEDLKKHGVTVLTALGAILKKKGHHEAELKPLAQSHATKHKIPIKYLEFISEAIIHVLHSRHPGDFGADAQGAMNKALELFRKDIAAKYKELGYQG
357,IPEYVDWRQKGAVTPVKNQGSCGSCWAFSAVVTIEGIIKIRTGNLNQYSEQELLDCDRRSYGCNGGYPWSALQLVAQYGIHYRNTYPYEGVQRYCRSREKGPYAAKTDGVRQVQPYNQGALLYSIANQPVSVVLQAAGKDFQLYRGGIFVGPCGNKVDHAVAAVGYGPNYILIKNSWGTGWGENGYIRIKRGTGNSYGVCGLYTSSFYPVKN
357.45,IPEYVDWRQKGAVTPVKNQGSCGSCWAFSAVVTIEGIIKIRTGNLNEYSEQELLDCDRRSYGCNGGYPWSALQLVAQYGIHYRNTYPYEGVQRYCRSREKGPYAAKTDGVRQVQPYNEGALLYSIANQPVSVVLEAAGKDFQLYRGGIFVGPCGNKVDHAVAAVGYGPNYILIKNSWGTGWGENGYIRIKRGTGNSYGVCGLYTSSFYPVKN
357.95,SSSVPSQKTYQGSYGFRLGFLHSGTAKSVTCTYSPALNKMFCQLAKTCPVQLWVDSTPPPGTRVRAMAIYKQSQHMTEVVRRCPHHERCSDSDGLAPPQHLIRVEGNLRVEYLDDRNTFRHSVVVPYEPPEVGSDCTTIHYNYMCNSSCMGGMNRRPILTIITLEDSSGNLLGRNSFEVRVCACPGRDRRTEEENLRKKGEPHHELPPGSTKRALPNNT
358,VLSEGEWQLVLHVWAKVEADVAGHGQDILIRLFKSHPETLEKFDRFKHLKTEAEMKASEDLKKHGVTVLTALGAILKKKGHHEAELKPLAQSHATKHKIPIKYLEFISEAIIHVLHSRHPGDFGADAQGAMNKALELFRKDIAAKYKELGYQG
358.35,LAAVSVDCSEYPKPACTMEYRPLCGSDNKTYGNKCNFCNAVVESNGTLTLSHFGKC
358.35,MKIAGIDEAGRGPVIGPMVIAAVVVDENSLPKLEELKVRDSKKLTPKRREKLFNEILGVLDDYVILELPPDVIGSREGTLNEFEVENFAKALNSLKVKPDVIYADAADVDEERFARELGERLNFEAEVVAKHKADDIFPVVSAASILAKVTRDRAVEKLKEEYGEIGSGYPSDPRTRAFLENYYREHGEFPPIVRKGWKTLKKIAEKVESEKK
358.95,TEFGSELKSFPEVVGKTVDQAREYFTLHYPQYNVYFLPEGSPVTLDLRYNRVRVFYNPGTNVVNHVPHVG
359.05,GEWEIIDIGPFTQNLGKFAVDEENKIGQYGRLTFNKVIRPCMKKTIYENEGFREIKGYEYQLYVYASDKLFRADISEDYKTRGRKLLRFNGPVPPP
359.15,MKLSPGKNAPDVVNVLVEIPQGSNIKYEYDDEEGVIKVDRVLYTSMNYPFNYGFIPGTLEEDGDPLDVLVITNYQLYPGSVIEVRPIGILYMKDEEGEDAKIVAVPKDKTDPSFSNIKDINDLPQATKNKIVHFFEHYKELEPGKYVKISGWGSATEAKNRIQLAIKRVSGGQ
359.15,LIVTQTMKGLDIQKVAGTWYSLAMAASDISLLDAQSAPLRVYVEELKPTPEGDLEILLQKWENGECAQKKIIAEKTKIPAVFKIDALNENKVLVLDTDYKKYLLFCMENSAEPEQSLACQCLVRTPEVDDEALEKFDKALKALPMHIRLSFNPTQLEEQCHI
359.65,MNMLVINGTPRKHGRTRIAASYIAALYHTDLIDLSEFVLPVFNGEAEQSELLKVQELKQRVTKADAIVLLSPEYHSGMSGALKNALDFLSSEQFKYKPVALLAVAGGGKGGINALNNMRTVMRGVYANVIPKQLVLDPVHIDVENATVAENIKESIKELVEELSMFAKAGNPGV
360,SDKIIHLTDDSFDTDVLKADGAILVDFWAEWCGPCKMIAPILDEIADEYQGKLTVAKLNIDQNPGTAPKYGIRGIPTLLLFKNGEVAATKVGALSKGQLKEFLDANLA
360.65,NEQLAKQKGCMACHDLKAKKVGPAYADVAKKYAGRKDAVDYLAGKIKKGGSGVWGSVPMPPQNVTDAEAKQLAQWILSIK
360.65,MTYKLILNGKTLKGETTTEAVDAATAEKVFKQYANDNGVDGEWTYDDATKTFTVTE
360.95,EDWLTFQKKHITNTRDVDCDNIMSTNLFHCKDKNTFIYSRPEPVKAICKGIIASKNVLTTSEFYLSDCNVTSRPCKYKLKKSTNKFCVTCENQAPVHFVGVGSC
361.15,SDKIIHLTDDSFDTDVLKADGAILVDFWAEWCGPCKMIAPILDEIADEYQGKLTVAKLNIDQNPGTAPKYGIRGIPTLLLFKNGEVAATKVGALSKGQLKEFLDANLA
361.15,MKRLSLREAWPYLKDLQQDPLAVLLAWGRAHPRLFLPLPRFPLALIFDPEGVEGALLAEGTTKATFQYRALSRLTGRGLLTDWGESWKEARKALKDPFLPKNVRGYREAMEEEARAFFGEWRGEERDLDHEMLALSLRLLGRALFGKPLSPSLAEHALKALDRIMAQTRSPLALLDLAAEARFRKDRGALYREAEALIVHPPLSHLPRERALSEAVTLLVAGHETVASALTWSFLLLSHRPDWQKRVAESEEAALAAFQEALRLYPPAWILTRRLERPLLLGEDRLPPGTTLVLSPYVTQRLHFPDGEAFRPERFLEERGTPSGRYFPFGLGQRLCLGRDFALLEGPIVLRAFFRRFRLDPLPFPRVLAQVTLRPEGGLPARPREEVRA
361.45,MAEKTFKVVSDSGIHARPATILVQTASKFNSEIQLEYNGKTVNLKSIMGVMSLGIPKGATIKITAEGADAAEAMAALTDTLAKEGLAE
362.15,ANLKSLPVGDKAPEVVHMVIEVPRGSGNKYEYDPDLGAIKLDRVLPGAQFYPGDYGFIPSTLAEDGDPLDGLVLSTYPLLPGVVVEVRVVGLLLMEDEKGGDAKVIGVVAEDQRLDHIQDIGDVPEGVKQEIQHFFETYKALEAKKGKWVKVTGWRDRKAALEEVRACIARYKG
363,MQIFVKTLTGKTITLEVEPSDTIENVKAKIQDKEGIPPDQQRLIFAGKQLEDGRTLSDYNIQKESTLHLVLRLRGG
363,XAFAGVLNDADIAAALEACKAADSFNHKAFFAKVGLTSKSADDVKKAFAIIDQDKSGFIEEDELKLFLQNFKADARALTDGETKTFLKAGDSDGDGKIGVDEFTALVKA
363,AQQSPYSAAMAEQRHQEWLRFVDLLKNAYQNDLHLPLLNLMLTPDEREALGTRVRIVEELLRGEMSQRELKNELGAGIATITRGSNSLKAAPVELRQWLEEVLLKSD
363.15,XAFAGVLNDADIAAALEACKAADSFNHKAFFAKVGLTSKSADDVKKAFAIIDQDKSGFIEEDELKLFLQNFKADARALTDGETKTFLKAGDSDGDGKIGVDEFTALVKA
363.15,MQIFVKTLTGKTITLEVEPSDTIENVKAKIQDKEGIPPDQQRLIFAGKQLEDGRTLSDYNIQKESTLHLVLRLRGG
363.25,EQCGRQAGGKLCPNNLCCSQWGWCGSTDEYCSPDHNCQSNCKD
363.45,MAQQSPYSAAMAEQRHQEWLRFVDLLKNAYQNDLHLPLLNLMLTPDEREALGTRVRIVEELLRGEMSQRELKNELGAGIATITRGSNSLKAAPVELRQWLEEVLLKSD
363.45,RRLWEIVEAKKKDILEIDGENLIVQRRNHRFLEVLSGKERVKIIAEFKKASPSAGDINADASLEDFIRMYDELADAISILTEKHYFKGDPAFVRAARNLTCRPILAKDFYIDTVQVKLASSVGADAILIIARILTAEQIKEIYEAAEELGMDSLVEVHSREDLEKVFSVIRPKIIGINTRDLDTFEIKKNVLWELLPLVPDDTVVVAESGIKDPRELKDLRGKVNAVLVGTSIMKAENPRRFLEEMRAWSE
364,MIPGGLSEAKPATPEIQEIVDKVKPQLEEKTNETYGKLEAVQYKTQVVAGTNYYIKVRAGDNKYLHLKVFKSLPGQNEDLVLTGYQVDKNKDDELTGF
364,MVKVKFKYKGEEKEVDTSKIKKVWRVGKMVSFTYDDNGKTGRGAVSEKDAPKELLDMLARAEREKK
364.15,MYDWFSEMRKKDPVYYDGNIWQVFSYRYTKEVLNNFSKFSSDLTGYHERLEDLRNGKIRFDIPTRYTMLTSDPPLHDELRSMSADIFSPQKLQTLETFIRETTRSLLDSIDPREDDIVKKLAVPLPIIVISKILGLPIEDKEKFKEWSDLVAFRLGKPGEIFELGKKYLELIGYVKDHLNSGTEVVSRVVNSNLSDIEKLGYIILLLIAGNETTTNLISNSVIDFTRFNLWQRIREENLYLKAIEEALRYSPPVMRTVRKTKERVKLGDQTIEEGEYVRVWIASANRDEEVFHDGEKFIPDRNPNPHLSFGSGIHLCLGAPLARLEARIAIEEFSKRFRHIEILDTEKVPNEVLNGYKRLVVRLKSNE
364.15,MPLDPVIQQVLDQLNRMPAPDYKHLSAQQFRSQQSLFPPVKKEPVAEVREFDMDLPGRTLKVRMYRPEGVEPPYPALVYYHGGGWVVGDLETHDPVCRVLAKDGRAVVFSVDYRLAPEHKFPAAVEDAYDALQWIAERAADFHLDPARIAVGGDSAGGNLAAVTSILAKERGGPALAFQLLIYPSTGYDPAHPPASIEENAEGYLLTGGMMLWFRDQYLNSLEELTHPWFSPVLYPDLSGLPPAYIATAQYDPLRDVGKLYAEALNKAGVKVEIENFEDLIHGFAQFYSLSPGATKALVRIAEKLRDALA
366,MRVRALRLAALVGAGAALALSPLAAGPASADTTVSEPAPSCVTLYQSWRYSQADNGCAQTVTVKVVYEDDTEGLCYAVAPGQITTVGDGYIGSHGHARYLARCL
366.95,GSVDFAFELRKAQDTGKIVMGARKSIQYAKMGGAKLIIVARNARPDIKEDIEYYARLSGIPVYEFEGTSVELGTLLGRPHTVSALAVVDPGESRILALGGKE
368.05,QADGAKIYAQCAGCHQQNGQGIPGAFPPLAGHVAEILAKEGGREYLILVLLYGLQGQIEVKGMKYNGVMSSFAQLKDEEIAAVLNHIATAWGDAKKVKGFKPFTAEEVKKLRAKKLTPQQVLAERKKLGLK