protein,tm,sequence,,,,,,,,,,,,,,,,,,,,,,
1ju3,307.95,MVDGNYSVASNVMVPMRDGVRLAVDLYRPDADGPVPVLLVRNPYDKFDVFAWSTQSTNWLEFVRDGYAVVIQDTRGLFASEGEFVPHVDDEADAEDTLSWILEQAWCDGNVGMFGVSYLGVTQWQAAVSGVGGLKAIAPSMASADLYRAPWYGPGGALSVEALLGWSALIGTGLITSRSDARPEDAADFVQLAAILNDVAGAASVTPLAEQPLLGRLIPWVIDQVVDHPDNDESWQSISLFERLGGLATPALITAGWYDGFVGESLRTFVAVKDNADARLVVGPWSHSNLTGRNADRKFGIAATYPIQEATTMHKAFFDRHLRGETDALAGVPKVRLFVMGIDEWRDETDWPLPDTAYTPFYLGGSGAANTSTGGGTLSTSISGTESADTYLYDPADPVPSLGGTLLFHNGDNGPADQRPIHDRDDVLCYSTEVLTDPVEVTGTVSARLFVSSSAVDTDFTAKLVDVFPDGRAIALCDGIVRMRYRETLVNPTLIEAGEIYEVAIDMLATSNVFLPGHRIMVQVSSSNFPKYDRNSNTGGVIAREQLEEMCTAVNRIHRGPEHPSHIVLPIIKRPLEHHHHHH,,,,,,,,,,,,,,,,,,,,,,
1hml,312.95,MRFFVPLFLVGILFPAILAKQFTKCELSQLLKDIDGYGGIALPELICTMFHTSGYDTQAIVENNESTEYGLFQISNKLWCKSSQVPQSRNICDISCDKFLDDDITDDIMCAKKILDIKGIDYWLAHKALCTEKLEQWLCEKL,,,,,,,,,,,,,,,,,,,,,,
1ihb_a,314.65,MAEPWGNELASAAARGDLEQLTSLLQNNVNVNAQNGFGRTALQVMKLGNPEIARRLLLRGANPDLKDRTGFAVIHDAARAGFLDTLQTLLEFQADVNIEDNEGNLPLHLAAKEGHLRVVEFLVKHTASNVGHRNHKGDTACDLARLYGRNEVVSLMQANGAG,,,,,,,,,,,,,,,,,,,,,,
1blc,314.75,KELNDLEKKYNAHIGVYALDTKSGKEVKFNSDKRFAYASTSKAINSAILLEQVPYNKLNKKVHINKDDIVAYSPILEKYVGKDITLKALIEASMTYSDNTANNKIIKEIGGIKKVKQRLKELGDKVTNPVRYEIELNYYSPKSKKDTSTPAAFGKTLNKLIANGKLSKENKKFLLDLMLNNKSGDTLIKDGVPKDYKVADKSGQAITYASRNDVAFVYPKGQSEPIVLVIFTNKDNKSDKPNDKLISETAKSVMKEF,,,,,,,,,,,,,,,,,,,,,,
1d0b,315.25,ETITVSTPIKQIFPDDAFAETIKDNLKKKSVTDAVTQNELNSIDQIIANNSDIKSVQGIQYLPNVTKLFLNGNKLTDIKPLTNLKNLGWLFLDENKIKDLSSLKDLKKLKSLSLEHNGISDINGLVHLPQLESLYLGNNKITDITVLSRLTKLDTLSLEDNQISDIVPLAGLTKLQNLYLSKNHISDLRALAGLKNLDVLELFSQECLNKPIN,,,,,,,,,,,,,,,,,,,,,,
1chk_a,316.35,AGAGLDDPHKKEIAMELVSSAENSSLDWKAQYKYIEDIGDGRGYTGGIIGFCSGTGDMLELVQHYTDLEPGNILAKYLPALKKVNGSASHSGLGTPFTKDWATAAKDTVFQQAQNDERDRVYFDPAVSQAKADGLRALGQFAYYDAIVMHGPGNDPTSFGGIRKTAMKKARTPAQGGDETTYLNGFLDARKAAMLTEAAHDDTSRVDTEQRVFLKAGNLDLNPPLKWKTYGDPYVINS,,,,,,,,,,,,,,,,,,,,,,
1aqh,316.85,TPTTFVHLFEWNWQDVAQECEQYLGPKGYAAVQVSPPNEHITGSQWWTRYQPVSYELQSRGGNRAQFIDMVNRCSAAGVDIYVDTLINHMAAGSGTGTAGNSFGNKSFPIYSPQDFHESCTINNSDYGNDRYRVQNCELVGLADLDTASNYVQNTIAAYINDLQAIGVKGFRFDASKHVAASDIQSLMAKVNGSPVVFQEVIDQGGEAVGASEYLSTGLVTEFKYSTELGNTFRNGSLAWLSNFGEGWGFMPSSSAVVFVDNHDNQRGHGGAGNVITFEDGRLYDLANVFMLAYPYGYPKVMSSYDFHGDTDAGGPNVPVHNNGNLECFASNWKCEHRWSYIAGGVDFRNNTADNWAVTNWWDNTNNQISFGRGSSGHMAINKEDSTLTATVQTDMASGQYCNVLKGELSADAKSCSGEVITVNSDGTINLNIGAWDAMAIHKNAKLNTSSAS,,,,,,,,,,,,,,,,,,,,,,
1mac,317.65,GSVFWEPLSYFNPSTWEKADGYSNGGVFNCTWRANNVNFTNDGKLKLGLTSSAYNKFDCAEYRSTNIYGYGLYEVSMKPAKNTGIVSSFFTYTGPAHGTQWDEIDIEFLGKDTTKVQFNYYTNGVGGHEKVISLGFDASKGFHTYAFDWQPGYIKWYVDGVLKHTATANIPSTPGKIMMNLWNGTGVDDWLGSYNGANPLYAEYDWVKYTSN,,,,,,,,,,,,,,,,,,,,,,
1s3g,317.75,MNIVLMGLPGAGKGTQADRIVEKYGTPHISTGDMFRAAIQEGTELGVKAKSFMDQGALVPDEVTIGIVRERLSKSDCDNGFLLDGFPRTVPQAEALDQLLADMGRKIEHVLNIQVEKEELIARLTGRRICKVCGTSYHLLFNPPQVEGKCDKDGGELYQRADDNPDTVTNRLEVNMNQTAPLLAFYDSKEVLVNINGQKDIKDVFKDLDVILQGNGQ,,,,,,,,,,,,,,,,,,,,,,
1fga,318.15,PALPEDGGSGAFPPGHFKDPKRLYCKNGGFFLRIHPDGRVDGVREKSDPHIKLQLQAEERGVVSIKGVCANRYLAMKEDGRLLASKCVTDECFFFERLESNNYNTYRSRKYTSWYVALKRTGQYKLGSKTGPGQKAILFLPMSAKS,,,,,,,,,,,,,,,,,,,,,,
1rtp_1,318.95,SMTDLLSAEDIKKAIGAFTAADSFDHKKFFQMVGLKKKSADDVKKVFHILDKDKSGFIEEDELGSILKGFSSDARDLSAKETKTLMAAGDKDGDGKIGVEEFSTLVAES,,,,,,,,,,,,,,,,,,,,,,
2wsy_a,319.15,MERYENLFAQLNDRREGAFVPFVTLGDPGIEQSLKIIDTLIDAGADALELGVPFSDPLADGPTIQNANLRAFAAGVTPAQCFEMLALIREKHPTIPIGLLMYANLVFNNGIDAFYARCEQVGVDSVLVADVPVEESAPFRQAALRHNIAPIFICPPNADDDLLRQVASYGRGYTYLLSRSGVTGAENRGALPLHHLIEKLKEYHAAPALQGFGISSPEQVSAAVRAGAAGAISGSAIVKIIEKNLASPKQMLAELRSFVSAMKAASRA,,,,,,,,,,,,,,,,,,,,,,
1efc_a,319.65,SKEKFERTKPHVNVGTIGHVDHGKTTLTAAITTVLAKTYGGAARAFDQIDNAPEEKARGITINTSHVEYDTPTRHYAHVDCPGHADYVKNMITGAAQMDGAILVVAATDGPMPQTREHILLGRQVGVPYIIVFLNKCDMVDDEELLELVEMEVRELLSQYDFPGDDTPIVRGSALKALEGDAEWEAKILELAGFLDSYIPEPERAIDKPFLLPIEDVFSISGRGTVVTGRVERGIIKVGEEVEIVGIKETQKSTCTGVEMFRKLLDEGRAGENVGVLLRGIKREEIERGQVLAKPGTIKPHTKFESEVYILSKDEGGRHTPFFKGYRPQFYFRTTDVTGTIELPEGVEMVMPGDNIKMVVTLIHPIAMDDGLRFAIREGGRTVGAGVVAKVLS,,,,,,,,,,,,,,,,,,,,,,
1msi,319.85,AAQASVVANQLIPINTALTLVMMRSEVVTPVGIPAEDIPRLVSMQVNRAVPLGTTLMPDMVKGYAAKDEL,,,,,,,,,,,,,,,,,,,,,,
1bu7_a,320.15,TIKEMPQPKTFGELKNLPLLNTDKPVQALMKIADELGEIFKFEAPGRVTRYLSSQRLIKEACDESRFDKNLSQALKFVRDFAGDGLFTSWTHEKNWKKAHNILLPSFSQQAMKGYHAMMVDIAVQLVQKWERLNADEHIEVPEDMTRLTLDTIGLCGFNYRFNSFYRDQPHPFITSMVRALDEAMNKLQRANPDDPAYDENKRQFQEDIKVMNDLVDKIIADRKASGEQSDDLLTHMLNGKDPETGEPLDDENIRYQIITFLIAGHETTSGLLSFALYFLVKNPHVLQKAAEEAARVLVDPVPSYKQVKQLKYVGMVLNEALRLWPTAPAFSLYAKEDTVLGGEYPLEKGDELMVLIPQLHRDKTIWGDDVEEFRPERFENPSAIPQHAFKPFGNGQRACIGQQFALHEATLVLGMMLKHFDFEDHTNYELDIKETLTLKPEGFVVKAKSKKIPL,,,,,,,,,,,,,,,,,,,,,,
1p3j,320.75,MNLVLMGLPGAGKGTQGERIVEDYGIPHISTGDMFRAAMKEETPLGLEAKSYIDKGELVPDEVTIGIVKERLGKDDCERGFLLDGFPRTVAQAEALEEILEEYGKPIDYVINIEVDKDVLMERLTGRRICSVCGTTYHLVFNPPKTPGICDKDGGELYQRADDNEETVSKRLEVNMKQTQPLLDFYSEKGYLANVNGQQDIQDVYADVKDLLGGLKK,,,,,,,,,,,,,,,,,,,,,,
1aky,320.95,SSESIRMVLIGPPGAGKGTQAPNLQERFHAAHLATGDMLRSQIAKGTQLGLEAKKIMDQGGLVSDDIMVNMIKDELTNNPACKNGFILDGFPRTIPQAEKLDQMLKEQGTPLEKAIELKVDDELLVARITGRLIHPASGRSYHKIFNPPKEDMKDDVTGEALVQRSDDNADALKKRLAAYHAQTEPIVDFYKKTGIWAGVDASQPPATVWADILNKLGKN,,,,,,,,,,,,,,,,,,,,,,
1mve,321.15,MVSAKDFSGAELYTLEEVQYGKFEARMKMAAASGTVSSMFLYQNGSEIADGRPWVEVDIEVLGKNPGSFQSNIITGKAGAQKTSEKHHAVSPAADQAFHTYGLEWTPNYVRWTVDGQEVRKTEGGQVSNLTGTQGLRFNLWSSESAAWVGQFDESKLPLFQFINWVKVYKYTPGQGEGGSDFTLDWTDNFDTFDGSRWGKGDWTFDGNRVDLTDKNIYSRDGMLILALTRKGQESFNGQVPRD,,,,,,,,,,,,,,,,,,,,,,
1jnx,321.45,VNKRMSMVVSGLTPEEFMLVYKFARKHHITLTNLITEETTHVVMKTDAEFVCERTLKYFLGIAGGKWVVSYFWVTQSIKERKMLNEHDFEVRGDVVNGRNHQGPKRARESQDRKIFRGLEICCYGPFTNMPTDQLEWMVQLCGASVVKELSSFTLGTGVHPIVVVQPDAWTEDNGFHAIGQMCEAPVVTREWVLDSVALYQCQELDTYLIPQIP,,,,,,,,,,,,,,,,,,,,,,
1oa3,322.35,ETSCDQYATFSGNGYIVSNNLWGASAGSGFGCVTSVSLNGAASWHADWQWSGGQNNVKSYQNVQINIPQKRTVNSIGSMPTTASWSYSGSDIRANVAYDLFTAANPNHVTYSGDYELMIWLGKYGDIGPIGSSQGTVNVGGQTWTLYYGYNGAMQVYSFVAQSNTTSYSGDVKNFFNYLRDNKGYNAGGQYVLSYQFGTEPFTGSGTLNVASWTASIN,,,,,,,,,,,,,,,,,,,,,,
1chg,322.35,CGVPAIQPVLSGLSRIVNGEEAVPGSWPWQVSLQDKTGFHFCGGSLINENWVVTAAHCGVTTSDVVVAGEFDQGSSSEKIQKLKIAKVFKNSKYNSLTINNDITLLKLSTAASFSQTVSAVCLPSASDDFAAGTTCVTTGWGLTRYTNANTPDRLQQASLPLLSNTNCKKYWGTKIKDAMICAGASGVSSCMGDSGGPLVCKKNGAWTLVGIVSWGSSTCSTSTPGVYARVTALVNWVQQTLAAN,,,,,,,,,,,,,,,,,,,,,,
5dfr,322.45,MISLIAALAVDRVIGMENAMPWNLPADLAWFKRNTLDKPVIMGRHTWESIGRPLPGRKNIILSSQPGTDDRVTWVKSVDEAIAACGDVPEIMVIGGGRVYEQFLPKAQKLYLTHIDAEVEGDTHFPDYEPDDWESVFSEFHDADAQNSHSYCFEILERR,,,,,,,,,,,,,,,,,,,,,,
1lni,322.45,DVSGTVCLSALPPEATDTLNLIASDGPFPYSQDGVVFQNRESVLPTQSYGYYHEYTVITPGARTRGTRRIITGEATQEDYYTGDHYATFSLIDQTC,,,,,,,,,,,,,,,,,,,,,,
1g5a,322.75,SPNSQYLKTRILDIYTPEQRAGIEKSEDWRQFSRRMDTHFPKLMNELDSVYGNNEALLPMLEMLLAQAWQSYSQRNSSLKDIDIARENNPDWILSNKQVGGVCYVDLFAGDLKGLKDKIPYFQELGLTYLHLMPLFKCPEGKSDGGYAVSSYRDVNPALGTIGDLREVIAALHEAGISAVVDFIFNHTSNEHEWAQRCAAGDPLFDNFYYIFPDRRMPDQYDRTLREIFPDQHPGGFSQLEDGRWVWTTFNSFQWDLNYSNPWVFRAMAGEMLFLANLGVDILRMDAVAFIWKQMGTSCENLPQAHALIRAFNAVMRIAAPAVFFKSEAIVHPDQVVQYIGQDECQIGYNPLQMALLWNTLATREVNLLHQALTYRHNLPEHTAWVNYVRSHDDIGWTFADEDAAYLGISGYDHRQFLNRFFVNRFDGSFARGVPFQYNPSTGDCRVSGTAAALVGLAQDDPHAVDRIKLLYSIALSTGGLPLIYLGDEVGTLNDDDWSQDSNKSDDSRWAHRPRYNEALYAQRNDPSTAAGQIYQDLRHMIAVRQSNPRFDGGRLVTFNTNNKHIIGYIRNNALLAFGNFSEYPQTVTAHTLQAMPFKAHDLIGGKTVSLNQDLTLQPYQVMWLEIA,,,,,,,,,,,,,,,,,,,,,,
451c,323.55,EDPEVLFKNKGCVACHAIDTKMVGPAYKDVAAKFAGQAGAEAELAQRIKNGSQGVWGPIPMPPNAVSDDEAQTLAKWVLSQK,,,,,,,,,,,,,,,,,,,,,,
1kfw,323.65,PLTSTVNGYRNVGYFAQWGVYGRAFQAKQLDVSGTAKNLTHINYSFGNINNQTLTCFMANKAQGTGPNGSDGAGDAWADFGMGYAADKSVSGKADTWDQPLAGSFNQLKQLKAKNPKLKVMISLGGWTWSKNFSKAAATEASRQKLVSSCIDLYIKGNLPNFEGRGGAGAAAGIFDGIDIDWEWPGTNSGLAGNGVDTVNDRANFKALLAEFRKQLDAYGSTNNKKYVLSAFLPANPADIDAGGWDDPANFKSLDFGSIQGYDLHGAWNPTLTGHQANLYDDPADPRAPSKKFSADKAVKKYLAAGIDPKQLGLGLAAYGRGWTGAKNVSPWGPATDGAPGTYETANEDYDKLKTLGTDHYDAATGSAWRYDGTQWWSYDNIATTKQKTDYIVSKGLGGGMWWELSGDRNGELVGAMSDKFRAAAPGPVTEAAPP,,,,,,,,,,,,,,,,,,,,,,
2cpp,324.15,TTETIQSNANLAPLPPHVPEHLVFDFDMYNPSNLSAGVQEAWAVLQESNVPDLVWTRCNGGHWIATRGQLIREAYEDYRHFSSECPFIPREAGEAYDFIPTSMDPPEQRQFRALANQVVGMPVVDKLENRIQELACSLIESLRPQGQCNFTEDYAEPFPIRIFMLLAGLPEEDIPHLKYLTDQMTRPDGSMTFAEAKEALYDYLIPIIEQRRQKPGTDAISIVANGQVNGRPITSDEAKRMCGLLLVGGLDTVVNFLSFSMEFLAKSPEHRQELIERPERIPAACEELLRRFSLVADGRILTSDYEFHGVQLKKGDQILLPQMLSGLDERENACPMHVDFSRQKVSHTTFGHGSHLCLGQHLARREIIVTLKEWLTRIPDFSIAPGAQIQHKSGIVSGVQALPLVWDPATTKAV,,,,,,,,,,,,,,,,,,,,,,
1pii,324.15,MQTVLAKIVADKAIWVEARKQQQPLASFQNEVQPSTRHFYDALQGARTAFILECKKASPSKGVIRDDFDPARIAAIYKHYASAISVLTDEKYFQGSFNFLPIVSQIAPQPILCKDFIIDPYQIYLARYYQADACLLMLSVLDDDQYRQLAAVAHSLEMGVLTEVSNEEEQERAIALGAKVVGINNRDLRDLSIDLNRTRELAPKLGHNVTVISESGINTYAQVRELSHFANGFLIGSALMAHDDLHAAVRRVLLGENKVCGLTRGQDAKAAYDAGAIYGGLIFVATSPRCVNVEQAQEVMAAAPLQYVGVFRNHDIADVVDKAKVLSLAAVQLHGNEEQLYIDTLREALPAHVAIWKALSVGETLPAREFQHVDKYVLDNGQGGSGQRFDWSLLNGQSLGNVLLAGGLGADNCVEAAQTGCAGLDFNSAVESQPGIKDARLLASVFQTLRAY,,,,,,,,,,,,,,,,,,,,,,
1mj5,324.15,MSLGAKPFGEKKFIEIKGRRMAYIDEGTGDPILFQHGNPTSSYLWRNIMPHCAGLGRLIACDLIGMGDSDKLDPSGPERYAYAEHRDYLDALWEALDLGDRVVLVVHDWGSALGFDWARRHRERVQGIAYMEAIAMPIEWADFPEQDRDLFQAFRSQAGEELVLQDNVFVEQVLPGLILRPLSEAEMAAYREPFLAAGEARRPTLSWPRQIPIAGTPADVVAIARDYAGWLSESPIPKLFINAEPGALTTGRMRDFCRTWPNQTEITVAGAHFIQEDSPDEIGAAIAAFVRRLRPAHHHHHH,,,,,,,,,,,,,,,,,,,,,,
1bmc,324.15,TVIKNETGTISISQLNKNVWVHTELGSFNGEAVPSNGLVLNTSKGLVLVDSSWDDKLTKELIEMVEKKFQKRVTDVIITHAHADRIGGIKTLKERGIKAHSTALTAELAKKNGYEEPLGDLQTVTNLKFGNMKVETFYPGKGHTEDNIVVWLPQYNILVGGCLVKSTSAKDLGNVADAYVNEWSTSIENVLKRYRNINAVVPGHGEVGDKGLLLHTLDLLK,,,,,,,,,,,,,,,,,,,,,,
1wlg_a,325.65,GLDVAISQNGFFRLVDSNGSVFYSRNGQFKLDENRNLVNMQGMQLTGYPATGTPPTIQQGANPAPITIPNTLMAAKSTTTASMQINLNSTDPVPSKTPFSVSDADSYNKKGTVTVYDSQGNAHDMNVYFVKTKDNEWAVYTHDSSDPAATAPTTASTTLKFNENGILESGGTVNITTGTINGATAATFSLSFLNSMQQNTGANNIVATNQNGYKPGDLVSYQINNDGTVVGNYSNEQEQVLGQIVLANFANNEGLASQGDNVWAATQASGVALLGTAGSGNFGKLTNGALEASNVDLSK,,,,,,,,,,,,,,,,,,,,,,
1ayf_a,324.55,EDKITVHFINRDGETLTTKGKIGDSLLDVVVQNNLDIDGFGACEGTLACSTCHLIFEQHIFEKLEAITDEENDMLDLAYGLTDRSRLGCQICLTKAMDNMTVRVP,,,,,,,,,,,,,,,,,,,,,,
4u2b,324.65,MLTEGISIQSYDGHTFGALVGSPAKAPAPVIVIAQEIFGVNAFMRETVSWLVDQGYAAVCPDLYARQAPGTALDPQDEAQREQAYKLWQAFDMEAGVGDLEAAIRYARHQPYSNGKVGLVGYSLGGALAFLVAAKGYVDRAVGYYGVGLEKQLNKVPEVKHPALFHMGGQDHFVPAPSRQLITEGFGANPLLQVHWYEEAGHSFARTSSSGYVASAAALANERTLDFLAPLQSKKP,,,,,,,,,,,,,,,,,,,,,,
2rn2,324.65,MLKQVEIFTDGSCLGNPGPGGYGAILRYRGREKTFSAGYTRTTNNRMELMAAIVALEALKEHCEVILSTDSQYVRQGITQWIHNWKKRGWKTADKKPVKNVDLWQRLDAALGQHQIKWEWVKGHAGHPENERCDELARAAAMNPTLEDTGYQVEV,,,,,,,,,,,,,,,,,,,,,,
1btl,324.65,HPETLVKVKDAEDQLGARVGYIELDLNSGKILESFRPEERFPMMSTFKVLLCGAVLSRIDAGQEQLGRRIHYSQNDLVEYSPVTEKHLTDGMTVRELCSAAITMSDNTAANLLLTTIGGPKELTAFLHNMGDHVTRLDRWEPELNEAIPNDERDTTMPVAMATTLRKLLTGELLTLASRQQLIDWMEADKVAGPLLRSALPAGWFIADKSGAGERGSRGIIAALGPDGKPSRIVVIYTTGSQATMDERNRQIAEIGASLIKHW,,,,,,,,,,,,,,,,,,,,,,
1bd8,325.05,RAGDRLSGAAARGDVQEVRRLLHRELVHPDALNRFGKTALQVMMFGSTAIALELLKQGASPNVQDTSGTSPVHDAARTGFLDTLKVLVEHGADVNVPDGTGALPIHLAVQEGHTAVVSFLAAESDLHRRDARGLTPLELALQRGAQDLVDILQGHM,,,,,,,,,,,,,,,,,,,,,,
1mba,325.15,XSLSAAEADLAGKSWAPVFANKNANGLDFLVALFEKFPDSANFFADFKGKSVADIKASPKLRDVSSRIFTRLNEFVNNAANAGKMSAMLSQFAKEHVGFGVGSAQFENVRSMFPGFVASVAAPPAGADAAWTKLFGLIIDALKAAGA,,,,,,,,,,,,,,,,,,,,,,
9rnt,325.25,ACDYTCGSNCYSSSDVSTAQAAGYKLHEDGETVGSNSYPHKYNNYEGFDFSVSSPYYEWPILSSGDVYSGGSPGADRVVFNENNQLAGVITHTGASGNNFVECT,,,,,,,,,,,,,,,,,,,,,,
1ew4,325.25,MNDSEFHRLADQLWLTIEERLDDWDGDSDIDCEINGGVLTITFENGSKIIINRQEPLHQVWLATKQGGYHFDLKGDEWICDRSGETFWDLLEQAATQQAGETVSFR,,,,,,,,,,,,,,,,,,,,,,
1am7_a,325.45,MVEINNQRKAFLDMLAWSEGTDNGRQKTRNHGYDVIVGGELFTDYSDHPRKLVTLNPKLKSTGAGRYQLLSRWWDAYRKQLGLKDFSPKSQDAVALQQIKERGALPMIDRGDIRQAIDRCSNIWASLPGAGYGQFEHKADSLIAKFKEAGGTVREIDV,,,,,,,,,,,,,,,,,,,,,,
1avr,325.65,MAQVLRGTVTDFPGFDERADAETLRKAMKGLGTDEESILTLLTSRSNAQRQEISAAFKTLFGRDLLDDLKSELTGKFEKLIVALMKPSRLYDAYELKHALKGAGTNEKVLTEIIASRTPEELRAIKQVYEEEYGSSLEDDVVGDTSGYYQRMLVVLLQANRDPDAGIDEAQVEQDAQALFQAGELKWGTDEEKFITIFGTRSVSHLRKVFDKYMTISGFQIEETIDRETSGNLEQLLLAVVKSIRSIPAYLAETLYYAMKGAGTDDHTLIRVMVSRSEIDLFNIRKEFRKNFATSLYSMIKGDTSGDYKKALLLLCGEDD,,,,,,,,,,,,,,,,,,,,,,
3pep_179-326,325.75,IGDEPLENYLDTEYFGTIGIGTPAQDFTVIFDTGSSNLWVPSVYCSSLACSDHNQFNPDDSSTFEATSQELSITYGTGSMTGILGYDTVQVGGISDTNQIFGLSETEPGSFLYYAPFDGILGLAYPSISASGATPVFDNLWDQGLVSQDLFSVYLSSNDDSGSVVLLGGIDSSYYTGSLNWVPVSVEGYWQITLDSITMDGETIACSGGCQAIVDTGTSLLTGPTSAIANIQSDIGASENSDGEMVISCSSIDSLPDIVFTIDGVQYPLSPSAYILQDDDSCTSGFEGMDVPTSSGELWILGDVFIRQYYTVFDRANNKVGLAPVA,,,,,,,,,,,,,,,,,,,,,,
1h12,325.75,AFNNNPSSVGAYSSGTYRNLAQEMGKTNIQQKVNSTFDNMFGYNNTQQLYYPYTENGVYKAHYIKAINPDEGDDIRTEGQSWGMTAAVMLNKQEEFDNLWRFAKAYQKNPDNHPDAKKQGVYAWKLKLNQNGFVYKVDEGPAPDGEEYFAFALLNASARWGNSGEFNYYNDAITMLNTIKNKLMENQIIRFSPYIDNLTDPSYHIPAFYDYFANNVTNQADKNYWRQVATKSRTLLKNHFTKVSGSPHWNLPTFLSRLDGSPVIGYIFNGQANPGQWYEFDAWRVIMNVGLDAHLMGAQAWHKSAVNKALGFLSYAKTNNSKNCYEQVYSYGGAQNRGCAGEGQKAANAVALLASTNAGQANEFFNEFWSLSQPTGDYRYYNGSLYMLAMLHVSGNFKFYNNTFN,,,,,,,,,,,,,,,,,,,,,,
1ey0,325.85,ATSTKKLHKEPATLIKAIDGDTVKLMYKGQPMTFRLLLVDTPETKHPKKGVEKYGPEASAFTKKMVENAKKIEVEFDKGQRTDKYGRGLAYIYADGKMVNEALVRQGLAKVAYVYKPNNTHEQHLRKSEAQAKKEKLNIWSEDNADSGQ,,,,,,,,,,,,,,,,,,,,,,
1ank_a,326.05,MRIILLGAPGAGKGTQAQFIMEKYGIPQISTGDMLRAAVKSGSELGKQAKDIMDAGKLVTDELVIALVKERIAQEDCRNGFLLDGFPRTIPQADAMKEAGINVDYVLEFDVPDELIVDRIVGRRVHAPSGRVYHVKFNPPKVEGKDDVTGEELTTRKDDQEETVRKRLVEYHQMTAPLIGYYSKEAEAGNTKYAKVDGTKPVAEVRADLEKILG,,,,,,,,,,,,,,,,,,,,,,
2nvh,326.15,APVRSLNCTLRDSQQKSLVMSGPYELKALHLQGQDMEQQVVFSMSFVQGEESNDKIPVALGLKEKNLYLSCVLKDDKPTLQLESVDPKNYPKKKMEKRFVFNKIEINNKLEFESAQFPNWYISTSQAENMPVFLGGTKGGQDITDFTMQFVSS,,,,,,,,,,,,,,,,,,,,,,
2fx5,326.15,APLPDTPGAPFPAVANFDRSGPYTVSSQSEGPSCRIYRPRDLGQGGVRHPVILWGNGTGAGPSTYAGLLSHWASHGFVVAAAETSNAGTGREMLACLDYLVRENDTPYGTYSGKLNTGRVGTSGHSQGGGGSIMAGQDTRVRTTAPIQPYTLGLGHDSASQRRQQGPMFLMSGGGDTIAFPYLNAQPVYRRANVPVFWGERRYVSHFEPVGSGGAYRGPSTAWFRFQLMDDQDARATFYGAQCSLCTSLLWSVERRGL,,,,,,,,,,,,,,,,,,,,,,
1rro,326.75,SITDILSAEDIAAALQECQDPDTFEPQKFFQTSGLSKMSASQVKDIFRFIDNDQSGYLDGDELKYFLQKFQSDARELTESETKSLMDAADNDGDGKIGADEFQEMVHS,,,,,,,,,,,,,,,,,,,,,,
1abe,326.75,ENLKLGFLVKQPEEPWFQTEWKFADKAGKDLGFEVIKIAVPDGEKTLNAIDSLAASGAKGFVICTPDPKLGSAIVAKARGYDMKVIAVDDQFVNAKGKPMDTVPLVMMAATKIGERQGQELYKEMQKRGWDVKESAVMAITANELDTARRRTTGSMDALKAAGFPEKQIYQVPTKSNDIPGAFDAANSMLVQHPEVKHWLIVGMNDSTVLGGVRATEGQGFKAADIIGIGINGVDAVSELSKAQATGFYGSLLPSPDVHGYKSSEMLYNWVAKDVEPPKFTEVTDVVLITRDNFKEELEKKGLGGK,,,,,,,,,,,,,,,,,,,,,,
1csp,326.95,MLEGKVKWFNSEKGFGFIEVEGQDDVFVHFSAIQGEGFKTLEEGQAVSFEIVEGNRGPQAANVTKEA,,,,,,,,,,,,,,,,,,,,,,
2vh7,327.05,MAEGNTLISVDYEIFGKVQGVFFRKHTQAEGKKLGLVGWVQNTDRGTVQGQLQGPISKVRHMQEWLETRGSPKSHIDKANFNNEKVILKLDYSDFQIVK,,,,,,,,,,,,,,,,,,,,,,
1hxn,327.05,HRNSTQHGHESTRCDPDLVLSAMVSDNHGATYVFSGSHYWRLDTNRDGWHSWPIAHQWPQGPSTVDAAFSWEDKLYLIQDTKVYVFLTKGGYTLVNGYPKRLEKELGSPPVISLEAVDAAFVCPGSSRLHIMAGRRLWWLDLKSGAQATWTELPWPHEKVDGALCMEKPLGPNSCSTSGPNLYLIHGPNLYCYRHVDKLNAAKNLPQPQRVSRLLGCTH,,,,,,,,,,,,,,,,,,,,,,
1yea,327.15,AKESTGFKPGSAKKGATLFKTRCQQCHTIEEGGPNKVGPNLHGIFGRHSGQVKGYSYTDANINKNVKWDEDSMSEYLTNPKKYIPGTKMAFAGLKKEKDRNDLITYMTKAAK,,,,,,,,,,,,,,,,,,,,,,
1bni,327.15,AQVINTFDGVADYLQTYHKLPDNYITKSEAQALGWVASKGNLADVAPGKSIGGDIFSNREGKLPGKSGRTWREADINYTSGFRNSDRILYSSDWLIYKTTDHYQTFTKIR,,,,,,,,,,,,,,,,,,,,,,
1h8v_a,327.55,ETSCDQWATFTGNGYTVSNNLWGASAGSGFGCVTAVSLSGGASWHADWQWSGGQNNVKSYQNSQIAIPQKRTVNSISSMPTTASWSYSGSNIRANVAYDLFTAANPNHVTYSGDYELMIWLGKYGDIGPIGSSQGTVNVGGQSWTLYYGYNGAMQVYSFVAQTNTTNYSGDVKNFFNYLRDNKGYNAAGQYVLSYQFGTEPFTGSGTLNVASWTASIN,,,,,,,,,,,,,,,,,,,,,,
3uue,327.75,GRGGSSTDQPVANPYNTKEISLAAGLVQQTYCDSTENGLKIGDSELLYTMGEGYARQRVNIYHSPSLGIAVAIEGTNLFSLNSDLHDAKFWQEDPNERYIQYYPKGTKLMHGFQQAYNDLMDDIFTAVKKYKKEKNEKRVTVIGHSLGAAMGLLCAMDIELRMDGGLYKTYLFGLPRLGNPTFASFVDQKIGDKFHSIINGRDWVPTVPPRALGYQHPSDYVWIYPGNSTSAKLYPGQENVHGILTVAREFNFDDHQGIYFHTQIGAVMGECPAQVGAH,,,,,,,,,,,,,,,,,,,,,,
1ke4_a,327.75,APQQINDIVHRTITPLIEQQKIPGMAVAVIYQGKPYYFTWGYADIAKKQPVTQQTLFELGSVSKTFTGVLGGDAIARGEIKLSDPTTKYWPELTAKQWNGITLLHLATYTAGGLPLQVPDEVKSSSDLLRFYQNWQPAWAPGTQRLYANSSIGLFGALAVKPSGLSFEQAMQTRVFQPLKLNHTWINVPPAEEKNYAWGYREGKAVHVSPGALDAEAYGVKSTIEDMARWVQSNLKPLDINEKTLQQGIQLAQSRYWQTGDMYQGLGWEMLDWPVNPDSIINGSDNKIALAARPVKAITPPTPAVRASWVHKTGATGGFGSYVAFIPEKELGIVMLANKNYPNPARVDAAWQILNALQ,,,,,,,,,,,,,,,,,,,,,,
1oxa,328.15,ATVPDLESDSFHVDWYSTYAELRETAPVTPVRFLGQDAWLVTGYDEAKAALSDLRLSSDPKKKYPGVEVEFPAYLGFPEDVRNYFATNMGTSDPPTHTRLRKLVSQEFTVRRVEAMRPRVEQITAELLDEVGDSGVVDIVDRFAHPLPIKVICELLGVDEAARGAFGRWSSEILVMDPERAEQRGQAAREVVNFILDLVERRRTEPGDDLLSALISVQDDDDGRLSADELTSIALVLLLAGFEASVSLIGIGTYLLLTHPDQLALVRADPSALPNAVEEILRYIAPPETTTRFAAEEVEIGGVAIPQYSTVLVANGAANRDPSQFPDPHRFDVTRDTRGHLSFGQGIHFCMGRPLAKLEGEVALRALFGRFPALSLGIDADDVVWRRSLLLRGIDHLPVRLDG,,,,,,,,,,,,,,,,,,,,,,
2ov0,329.15,DKATIPSESPFAAAEVADGAIVVDIAKMKYETPELHVKVGDTVTWINREAMPHNVHFVAGVLGEAALKGPMMKKEQAYSLTFTEAGTYDYHCTPHPFMRGKVVVE,,,,,,,,,,,,,,,,,,,,,,
3pgk,329.35,XSLSSKLSVQDLDLKDKRVFIRVDFNVPLDGKKITSNQRIVAALPTIKYVLEHHPRYVVLASHLGRPNGERNEKYSLAPVAKELQSLLGKDVTFLNDCVGPEVEAAVKASAPGSVILLENLRYHIEEEGSRKVDGQKVKASKEDVQKFRHELSSLADVYINDAFGTAHRAHSSMVGFDLPQRAAGFLLEKELKYFGKALENPTRPFLAILGGAKVADKIQLIDNLLDKVDSIIIGGGMAFTFKKVLENTEIGDSIFDKAVGPEIAKLMEKAKAKGVEVVLPVDFIIADAFSASANTKTVTDKEGIPAGWQGLDNGPESRKLFAATVAKATVILWNGPPGVFEFEKFAAGTKALLDEVVKSSAAGNTVIIGGGDTATVAKKYGVTDKISHVSTGGGASLELLEGKELPGVAFLSEKK,,,,,,,,,,,,,,,,,,,,,,
2rbi,329.65,AVINTFDGVADYLIRYKRLPDNYITKSQASALGWVASKGNLAEVAPGKSIGGDVFSNREGRLPSASGRTWREADINYVSGFRNADRLVYSSDWLIYKTTDNYATFTRIR,,,,,,,,,,,,,,,,,,,,,,
1zym_b,329.85,MISGILASPGIAFGKALLLKEDEIVIDRKKISADQVDQEVERFLSGRAKASAQLETIKTKAGETFGEEKEAIFEGHIMLLEDEELEQEIIALIKDKHMTADAAAHEVIEGQASALEELDDEYLKERAADVRDIGKRLLRNILGLKIIDLSAIQDEVILVAADLTPSETAQLNLKKVLGFITDAGGRTSHTSIMARSLELPAIVGTGSVTSQVKNDDYLILDAVNNQVYVNPTNEVIDKMRAVQEQVASEKAELAKLKD,,,,,,,,,,,,,,,,,,,,,,
1mjc,330.05,SGKMTGIVKWFNADKGFGFITPDDGSKDVFVHFSAIQNDGYKSLDEGQKVSFTIESGAKGPAAGNVTSL,,,,,,,,,,,,,,,,,,,,,,
3sil,330.15,EKSVVFKAEGEHFTDQKGNTIVGSGSGGTTKYFRIPAMCTTSKGTIVVFADARHNTASDQSFIDTAAARSTDGGKTWNKKIAIYNDRVNSKLSRVMDPTCIVANIQGRETILVMVGKWNNNDKTWGAYRDKAPDTDWDLVLYKSTDDGVTFSKVETNIHDIVTKNGTISAMLGGVGSGLQLNDGKLVFPVQMVRTKNITTVLNTSFIYSTDGITWSLPSGYCEGFGSENNIIEFNASLVNNIRNSGLRRSFETKDFGKTWTEFPPMDKKVDNRNHGVQGSTITIPSGNKLVAAHSSAQNKNNDYTRSDISLYAHNLYSGEVKLIDDFYPKVGNASGAGYSCLSYRKNVDKETLYVVYEANGSIEFQDLSRHLPVIKSYN,,,,,,,,,,,,,,,,,,,,,,
3ks3,330.25,MSHHWGYGKHNGPEHWHKDFPIAKGERQSPVDIDTHTAKYDPSLKPLSVSYDQATSLRILNNGHAFNVEFDDSQDKAVLKGGPLDGTYRLIQFHFHWGSLDGQGSEHTVDKKKYAAELHLVHWNTKYGDFGKAVQQPDGLAVLGIFLKVGSAKPGLQKVVDVLDSIKTKGKSADFTNFDPRGLLPESLDYWTYPGSLTTPPLLECVTWIVLKEPISVSSEQVLKFRKLNFNGEGEPEELMVDNWRPAQPLKNRQIKASFK,,,,,,,,,,,,,,,,,,,,,,
2tdx,330.25,MKDLVDTTEMYLRTIYELEEEGVTPLRARIAERLEQSGPTVSQTVARMERDGLVVVASDRSLQMTPTGRTLATAVMRKHRLAERLLTDIIGLDINKVHDEADRWEHVMSDEVERRLVKVLKDVSRSPFGNPIPGLDELGVGNSDAAAPGTRVIDAATSMPRKVRIVQINEIFQVETDQFTQLLDADIRVGSEVEIVDRDGHITLSHNGKDVELLDDLAHTIRIEEL,,,,,,,,,,,,,,,,,,,,,,
1ten,330.25,RLDAPSQIEVKDVTDTTALITWFKPLAEIDGIELTYGIKDVPGDRTTIDLTEDENQYSIGNLKPDTEYEVSLISRRGDMSSNPAKETFTT,,,,,,,,,,,,,,,,,,,,,,
1xxn,330.45,ASTDYWQNWTDGGGIVNAVNGSGGNYSVNWSNTGNFVVGKGWTTGSPFRTINYNAGVWAPNGNGYLTLYGWTRSPLIEYYVVDSWGTYRPTGTYKGTVKSDGGTYDIYTTTRYNAPSIDGDRTTFTQYWSVRQSKRPTGSNATITFSNHVNAWKSHGMNLGSNWAYQVMATEGYQSSGSSNVTVW,,,,,,,,,,,,,,,,,,,,,,
1ftg,330.55,KKIGLFYGTQTGKTESVAEIIRDEFGNDVVTLHDVSQAEVTDLNDYQYLIIGCPTWNIGELQSDWEGLYSELDDVDFNGKLVAYFGTGDQIGYADNFQDAIGILEEKISQRGGKTVGYWSTDGYDFNDSKALRNGKFVGLALDEDNQSDLTDDRIKSWVAQLKSEFGL,,,,,,,,,,,,,,,,,,,,,,
3psg,330.65,LVKVPLVRKKSLRQNLIKDGKLKDFLKTHKHNPASKYFPEAAALIGDEPLENYLDTEYFGTIGIGTPAQDFTVIFDTGSSNLWVPSVYCSSLACSDHNQFNPDDSSTFEATSQELSITYGTGSMTGILGYDTVQVGGISDTNQIFGLSETEPGSFLYYAPFDGILGLAYPSISASGATPVFDNLWDQGLVSQDLFSVYLSSNDDSGSVVLLGGIDSSYYTGSLNWVPVSVEGYWQITLDSITMDGETIACSGGCQAIVDTGTSLLTGPTSAIANIQSDIGASENSDGEMVISCSSIDSLPDIVFTIDGVQYPLSPSAYILQDDDSCTSGFEGMDVPTSSGELWILGDVFIRQYYTVFDRANNKVGLAPVA,,,,,,,,,,,,,,,,,,,,,,
1urp,330.65,KDTIALVVSTLNNPFFVSLKDGAQKEADKLGYNLVVLDSQNNPAKELANVQDLTVRGTKILLINPTDSDAVGNAVKMANQANIPVITLDRQATKGEVVSHIASDNVLGGKIAGDYIAKKAGEGAKVIELQGIAGTSAARERGEGFQQAVAAHKFNVLASQPADFDRIKGLNVMQNLLTAHPDVQAVFAQNDEMALGALRALQTAGKSDVMVVGFDGTPDGEKAVNDGKLAATIAQLPDQIGAKGVETADKVLKGEKVQAKYPVDLKLVVKQ,,,,,,,,,,,,,,,,,,,,,,
1tca,330.85,LPSGSDPAFSQPKSVLDAGLTCQGASPSSVSKPILLVPGTGTTGPQSFDSNWIPLSTQLGYTPCWISPPPFMLNDTQVNTEYMVNAITALYAGSGNNKLPVLTWSQGGLVAQWGLTFFPSIRSKVDRLMAFAPDYKGTVLAGPLDALAVSAPSVWQQTTGSALTTALRNAGGLTQIVPTTNLYSATDEIVQPQVSNSPLDSSYLFNGKNVQAQAVCGPLFVIDHAGSLTSQFSYVVGRSALRSTTGQARSADYGITDCNPLPANDLTPEQKVAAAALLAPAAAAIVAGPKQNCEPDLMPYARPFAVGKRTCSGIVTP,,,,,,,,,,,,,,,,,,,,,,
1v0s,330.95,ADSATPHLDAVEQTLRQVSPGLEGDVWERTSGNKLDGSAADPSDWLLQTPGCWGDDKCADRVGTKRLLAKMTENIGNATRTVDISTLAPFPNGAFQDAIVAGLKESAAKGNKLKVRILVGAAPVYHMNVIPSKYRDELTAKLGKAAENITLNVASMTTSKTAFSWNHSKILVVDGQSALTGGINSWKDDYLDTTHPVSDVDLALTGPAAGSAGRYLDTLWTWTCQNKSNIASVWFAASGNAGCMPTMHKDTNPKASPATGNVPVIAVGGLGVGIKDVDPKSTFRPDLPTASDTKCVVGLHDNTNADRDYDTVNPEESALRALVASAKGHIEISQQDLNATCPPLPRYDIRLYDALAAKMAAGVKVRIVVSDPANRGAVGSGGYSQIKSLSEISDTLRNRLANITGGQQAAKTAMCSNLQLATFRSSPNGKWADGHPYAQHHKLVSVDSSTFYIGSKNLYPSWLQDFGYIVESPEAAKQLDAKLLDPQWKYSQETATVDYARGICNA,,,,,,,,,,,,,,,,,,,,,,
1faj,331.15,SLLNVPAGKDLPEDIYVVIEIPANADPIKYEIDKESGALFVDRFMSTAMFYPCNYGYINHTLSLDGDPVDVLVPTPYPLQPGSVIRCRPVGVLKMTDEAGEDAKLVAVPHSKLSKEYDHIKDVNDLPELLKAQIAHFFEHYKDLEKGKWVKVEGWENAEAAKAEIVASFERAKNK,,,,,,,,,,,,,,,,,,,,,,
1b8j_a,331.15,TPEMPVLENRAAQGDITAPGGARRLTGDQTAALRDSLSDKPAKNIILLIGDGMGDSEITAARNYAEGAGGFFKGIDALPLTGQYTHYALNKKTGKPDYVTDSAASATAWSTGVKTYNGALGVDIHEKDHPTILEMAKAAGLATGNVSTAELQDATPAALVAHVTSRKCYGPSATSEKCPGNALEKGGKGSITEQLLNARADVTLGGGAKTFAETATAGEWQGKTLREQAQARGYQLVSDAASLNSVTEANQQKPLLGLFADGNMPVRWLGPKATYHGNIDKPAVTCTPNPQRNDSVPTLAQMTDKAIELLSKNEKGFFLQVEGASIDKQDHAANPCGQIGETVDLDEAVQRALEFAKKEGNTLVIVTADHAHASQIVAPDTKAPGLTQALNTKDGAVMVMSYGNSEEDSQEHTGSQLRIAAYGPHAANVVGLTDQTDLFYTMKAALGLK,,,,,,,,,,,,,,,,,,,,,,
2st1,331.65,AQSVPYGVSQIKAPALHSQGYTGSNVKVAVIDSGIDSSHPDLKVAGGASMVPSETNPFQDNNSHGTHVAGTVAALNNSIGVLGVAPSASLYAVKVLGADGSGQYSWIINGIEWAIANNMDVINMSLGGPSGSAALKAAVDKAVASGVVVVAAAGNEGTSGSSSTVGYPGKYPSVIAVGAVDSSNQRASFSSVGPELDVMAPGVSIQSTLPGNKYGAYNGTSMASPHVAGAAALILSKHPNWTNTQVRSSLENTTTKLGDSFYYGKGLINVQAAAQ,,,,,,,,,,,,,,,,,,,,,,
1qlp,332.05,MDPQGDAAQKTDTSHHDQDHPTFNKITPNLAEFAFSLYRQLAHQSNSTNIFFSPVSIATAFAMLSLGTKADTHDEILEGLNFNLTEIPEAQIHEGFQELLRTLNQPDSQLQLTTGNGLFLSEGLKLVDKFLEDVKKLYHSEAFTVNFGDTEEAKKQINDYVEKGTQGKIVDLVKELDRDTVFALVNYIFFKGKWERPFEVKDTEEEDFHVDQVTTVKVPMMKRLGMFNIQHCKKLSSWVLLMKYLGNATAIFFLPDEGKLQHLENELTHDIITKFLENEDRRSASLHLPKLSITGTYDLKSVLGQLGITKVFSNGADLSGVTEEAPLKLSKAVHKAVLTIDEKGTEAAGAMFLEAIPMSIPPEVKFNKPFVFLMIEQNTKSPLFMGKVVNPTQK,,,,,,,,,,,,,,,,,,,,,,
2cab,332.15,ASPDWGYDDKNGPEQWSKLYPIANGNNQSPVDIKTSETKHDTSLKPISVSYNPATAKEIINVGHSFHVNFEDNQDRSVLKGGPFSDSYRLFQFHFHWGSTNEHGSEHTVDGVKYSAELHVAHWNSAKYSSLAEAASKADGLAVIGVLMKVGEANPKLQKVLDALQAIKTKGKRAPFTNFDPSTLLPSSLDFWTYPGSLTHPPLYESVTWIICKESISVSSEQLAQFRSLLSNVEGDNAVPMQHNNRPTQPLKGRTVRASF,,,,,,,,,,,,,,,,,,,,,,
1pin_6-39,332.15,MADEEKLPPGWEKRMSRSSGRVYYFNHITNASQWERPSGNSSSGGKNGQGEPARVRCSHLLVKHSQSRRPSSWRQEKITRTKEEALELINGYIQKIKSGEEDFESLASQFSDCSSAKARGDLGAFSRGQMQKPFEDASFALRTGEMSGPVFTDSGIHIILRTE,,,,,,,,,,,,,,,,,,,,,,
1ant,332.15,HGSPVDICTAKPRDIPMNPMCIYRSPEKKATEDEGSEQKIPEATNRRVWELSKANSRFATTFYQHLADSKNDNDNIFLSPLSISTAFAMTKLGACNDTLQQLMEVFKFDTISEKTSDQIHFFFAKLNCRLYRKANKSSKLVSANRLFGDKSLTFNETYQDISELVYGAKLQPLDFKENAEQSRAAINKWVSNKTEGRITDVIPSEAINELTVLVLVNTIYFKGLWKSKFSPENTRKELFYKADGESCSASMMYQEGKFRYRRVAEGTQVLELPFKGDDITMVLILPKPEKSLAKVEKELTPEVLQEWLDELEEMMLVVHMPRFRIEDGFSLKEQLQDMGLVDLFSPEKSKLPGIVAEGRDDLYVSDAFHKAFLEVNEEGSEAAASTAVVIAGRSLNPNRVTFKANRPFLVFIREVPLNTIIFMGRVANPCVK,,,,,,,,,,,,,,,,,,,,,,
1wq5_a,332.65,MERYESLFAQLKERKEGAFVPFVTLGDPGIEQSLKIIDTLIEAGADALELGIPFSDPLADGPTIQNATLRAFAAGVTPAQCFEMLALIRQKHPTIPIGLLMYANLVFNKGIDEFYAQCEKVGVDSVLVADVPVEESAPFRQAALRHNVAPIFICPPNADDDLLRQIASYGRGYTYLLSRAGVTGAENRAALPLNHLVAKLKEYNAAPPLQGFGISAPDQVKAAIDAGAAGAISGSAIVKIIEQHINEPEKMLAALKVFVQPMKAATRS,,,,,,,,,,,,,,,,,,,,,,
1ycc,333.15,TEFKAGSAKKGATLFKTRCLQCHTVEKGGPHKVGPNLHGIFGRHSGQAEGYSYTDANIKKNVLWDENNMSEYLTNPKKYIPGTKMAFGGLKKEKDRNDLITYLKKACE,,,,,,,,,,,,,,,,,,,,,,
1ekg,333.15,GSHMGSLDETTYERLAEETLDSLAEFFEDLADKPYTFEDYDVSFGSGVLTVKLGGDLGTYVINKQTPNKQIWLSSPSSGPKRYDWTGKNWVYSHDGVSLHELLAAELTKALKTKLDLSSLAYSGKDA,,,,,,,,,,,,,,,,,,,,,,
1fhl,334.05,ALTYRGADISSLLLLEDEGYSYKNLNGQTQALETILADAGINSIRQRVWVNPSDGSYDLDYNLELAKRVKAAGMSLYLDLHLSDTWADPSDQTTPSGWSTTDLGTLKWQLYNYTLEVCNTFAENDIDIEIISIGNEIRAGLLWPLGETSSYSNIGALLHSGAWGVKDSNLATTPKIMIHLDDGWSWDQQNYFYETVLATGELLSTDFDYFGVSYYPFYSASATLASLKTSLANLQSTYDKPVVVVETNWPVSCPNPAYAFPSDLSSIPFSVAGQQEFLEKLAAVVEATTDGLGVYYWEPAWIGNAGLGSSCADNLMVDYTTDEVYESIETLGEL,,,,,,,,,,,,,,,,,,,,,,
1rhg_a,334.15,TPLGPASSLPQSFLLKCLEQVRKIQGDGAALQEKLCATYKLCHPEELVLLGHSLGIPWAPLSSCPSQALQLAGCLSQLHSGLFLYQGLLQALEGISPELGPTLDTLQLDVADFATTIWQQMEELGMAPALQPTQGAMPAFASAFQRRAGGVLVASHLQSFLEVSYRVLRHLAQP,,,,,,,,,,,,,,,,,,,,,,
1w2p_a,334.35,MGLASLADFPIGVAVAASGGNADIFTSSARQNIVRAEFNQITAENIMKMSYMYSGSNFSFTNSDRLVSWAAQNGQTVHGHALVWHPSYQLPNWASDSNANFRQDFARHIDTVAAHFAGQVKSWDVVNEALFDSADDPDGRGSANGYRQSVFYRQFGGPEYIDEAFRRARAADPTAELYYNDFNTEENGAKTTALVNLVQRLLNNGVPIDGVGFQMHVMNDYPSIANIRQAMQKIVALSPTLKIKITELDVRLNNPYDGNSSNDYTNRNDCAVSCAGLDRQKARYKEIVQAYLEVVPPGRRGGITVWGIADPDSWLYTHQNLPDWPLLFNDNLQPKPAYQGVVEALSGR,,,,,,,,,,,,,,,,,,,,,,
1xyp_a,334.55,ETIQPGTGYNNGYFYSYWNDGHGGVTYTNGPGGQFSVNWSNSGNFVGGKGWQPGTKNKVINFSGSYNPNGNSYLSVYGWSRNPLIEYYIVENFGTYNPSTGATKLGEVTSDGSVYDIYRTQRVNQPSIIGTATFYQYWSVRRNHRSSGSVNTANHFNAWAQQGLTLGTMDYQIVAVEGYFSSGSASITVS,,,,,,,,,,,,,,,,,,,,,,
1esf_a,334.55,SEKSEEINEKDLRKKSELQGTALGNLKQIYYYNEKAKTENKESHDQFLQHTILFKGFFTDHSWYNDLLVDFDSKDIVDKYKGKKVDLYGAYYGYQCAGGTPNKTACMYGGVTLHDNNRLTEEKKVPINLWLDGKQNTVPLETVKTNKKNVTVQELDLQARRYLQEKYNLYNSDVFDGKVQRGLIVFHTSTEPSVNYDLFGAQGQYSNTLLRIYRDNKTINSENMHIDIYLYTS,,,,,,,,,,,,,,,,,,,,,,
1pmk_a,335.15,VQDCYHGDGQSYRGTSSTTTTGKKCQSWSSMTPHRHQKTPENYPNAGLTMNYCRNPDADKGPWCFTTDPSVRWEYCNLKKCSGTEASV,,,,,,,,,,,,,,,,,,,,,,
1aut_c,335.35,LIDGKMTRRGDSPWQVVLLDSKKKLACGAVLIHPSWVLTAAHCMDESKKLLVRLGEYDLRRWEKWELDLDIKEVFVHPNYSKSTTDNDIALLHLAQPATLSQTIVPICLPDSGLAERELNQAGQETLVTGWGYHSSREKEAKRNRTFVLNFIKIPVVPHNECSEVMSNMVSENMLCAGILGDRQDACEGDSGGPMVASFHGTWFLVGLVSWGEGCGLLHNYGVYTKVSRYLDWIHGHIRDKEAPQKSWAP,,,,,,,,,,,,,,,,,,,,,,
1qwo,335.65,SAGSKSCDTVDLGYQCSPATSHLWGQYSPFFSLEDELSVSSKLPKDCRITLVQVLSRHGARYPTSSKSKKYKKLVTAIQANATDFKGKFAFLKTYNYTLGADDLTPFGEQQLVNSGIKFYQRYKALARSVVPFIRASGSDRVIASGEKFIEGFQQAKLADPGATNRAAPAISVIIPESETFNNTLDHGVCTKFEASQLGDEVAANFTALFAPDIRARAEKHLPGVTLTDEDVVSLMDMCSFDTVARTSDASQLSPFCQLFTHNEWKKYNYLQSLGKYYGYGAGNPLGPAQGIGFTNELIARLTRSPVQDHTSTNSTLVSNPATFPLNATMYVDFSHDNSMVSIFFALGLYNGTEPLSRTSVESAKELDGYSASWVVPFGARAYFETMQCKSEKEPLVRALINDRVVPLHGCDVDKLGRCKLNDFVKGLSWARSGGNWGECFS,,,,,,,,,,,,,,,,,,,,,,
1atn,335.85,XDEDETTALVCDNGSGLVKAGFAGDDAPRAVFPSIVGRPRHQGVMVGMGQKDSYVGDEAQSKRGILTLKYPIEHGIITNWDDMEKIWHHTFYNELRVAPEEHPTLLTEAPLNPKANREKMTQIMFETFNVPAMYVAIQAVLSLYASGRTTGIVLDSGDGVTHNVPIYEGYALPHAIMRLDLAGRDLTDYLMKILTERGYSFVTTAEREIVRDIKEKLCYVALDFENEMATAASSSSLEKSYELPDGQVITIGNERFRCPETLFQPSFIGMESAGIHETTYNSIMKCDIDIRKDLYANNVMSGGTTMYPGIADRMQKEITALAPSTMKIKIIAPPERKYSVWIGGSILASLSTFQQMWITKQEYDEAGPSIVHR,,,,,,,,,,,,,,,,,,,,,,
1ppi,336.15,QYAPQTQSGRTSIVHLFEWRWVDIALECERYLGPKGFGGVQVSPPNENVVVTNPSRPWWERYQPVSYKLCTRSGNENEFRDMVTRCNNVGVRIYVDAVINHMCGSGAAAGTGTTCGSYCNPGSREFPAVPYSAWDFNDGKCKTASGGIESYNDPYQVRDCQLVGLLDLALEKDYVRSMIADYLNKLIDIGVAGFRIDASKHMWPGDIKAVLDKLHNLNTNWFPAGSRPFIFQEVIDLGGEAIKSSEYFGNGRVTEFKYGAKLGTVVRKWSGEKMSYLKNWGEGWGFMPSDRALVFVDNHDNQRGHGAGGSSILTFWDARLYKVAVGFMLAHPYGFTRVMSSYRWARNFVNGEDVNDWIGPPNNNGVIKEVTINADTTCGNDWVCEHRWREIRNMVWFRNVVDGEPFANWWDNGSNQVAFGRGNRGFIVFNNDDWQLSSTLQTGLPGGTYCDVISGDKVGNSCTGIKVYVSSDGTAQFSISNSAEDPFIAIHAESKL,,,,,,,,,,,,,,,,,,,,,,
1hix_a,336.25,DTVITTNQTGTNNGYYYSFWTDGGGSVSMNLASGGSYGTSWTNCGNFVAGKGWANGARRTVNYSGSFNPSGNAYLTLYGWTANPLVEYYIVDNWGTYRPTGTYKGTVTSDGGTYDVYQTTRVNAPSVEGTKTFNQYWSVRQSKRTGGSITAGNHFDAWARYGMPLGSFNYYMIMATEGYQSSGSSSISVS,,,,,,,,,,,,,,,,,,,,,,
1ao6,336.35,DAHKSEVAHRFKDLGEENFKALVLIAFAQYLQQCPFEDHVKLVNEVTEFAKTCVADESAENCDKSLHTLFGDKLCTVATLRETYGEMADCCAKQEPERNECFLQHKDDNPNLPRLVRPEVDVMCTAFHDNEETFLKKYLYEIARRHPYFYAPELLFFAKRYKAAFTECCQAADKAACLLPKLDELRDEGKASSAKQRLKCASLQKFGERAFKAWAVARLSQRFPKAEFAEVSKLVTDLTKVHTECCHGDLLECADDRADLAKYICENQDSISSKLKECCEKPLLEKSHCIAEVENDEMPADLPSLAADFVESKDVCKNYAEAKDVFLGMFLYEYARRHPDYSVVLLLRLAKTYETTLEKCCAAADPHECYAKVFDEFKPLVEEPQNLIKQNCELFEQLGEYKFQNALLVRYTKKVPQVSTPTLVEVSRNLGKVGSKCCKHPEAKRMPCAEDYLSVVLNQLCVLHEKTPVSDRVTKCCTESLVNRRPCFSALEVDETYVPKEFNAETFTFHADICTLSEKERQIKKQTALVELVKHKPKATKEQLKAVMDDFAAFVEKCCKADDKETCFAEEGKKLVAASQAALGL,,,,,,,,,,,,,,,,,,,,,,
1poh,336.65,MFQQEVTITAPNGLHTRPAAQFVKEAKGFTSEITVTSNGKSASAKSLFKLQTLGLTQGTVVTISAEGEDEQKAVEHLVKLMAELE,,,,,,,,,,,,,,,,,,,,,,
3rn3,336.75,KETAAAKFERQHMDSSTSAASSSNYCNQMMKSRNLTKDRCKPVNTFVHESLADVQAVCSQKNVACKNGQTNCYQSYSTMSITDCRETGSSKYPNCAYKTTQANKHIIVACEGNPYVPVHFDASV,,,,,,,,,,,,,,,,,,,,,,
1fna,336.85,RDLEVVAATPTSLLISWDAPAVTVRYYRITYGETGGNSPVQEFTVPGSKSTATISGLKPGVDYTITVYAVTGRGDSPASSKPISINYRTEI,,,,,,,,,,,,,,,,,,,,,,
1v9e,337.15,SHHWGYGKHNGPEHWHKDFPIANGERQSPVDIDTKAVVQDPALKPLALVYGEATSRRMVNNGHSFNVEYDDSQDKAVLKDGPLTGTYRLVQFHFHWGSSDDQGSEHTVDRKKYAAELHLVHWNTKYGDFGTAAQQPDGLAVVGVFLKVGDANPALQKVLDALDSIKTKGKSTDFPNFDPGSLLPNVLDYWTYPGSLTTPPLLESVTWIVLKEPISVSSQQMLKFRTLNFNAEGEPELLMLANWRPAQPLKNRQVRGFPK,,,,,,,,,,,,,,,,,,,,,,
1tpk,337.45,GNSDCYFGNGSAYRGTHSLTESGASCLPWNSMILIGKVYTAQNPSAQALGLGKHNYCRNPDGDAKPWCHVLKNRRLTWEYCDVPSCST,,,,,,,,,,,,,,,,,,,,,,
1bk7,337.55,FDSFWFVQQWPPAVCSFQKSGSCPGSGLRTFTIHGLWPQQSGTSLTNCPGSPFDITKISHLQSQLNTLWPNVLRANNQQFWSHEWTKHGTCSESTFNQAAYFKLAVDMRNNYDIIGALRPHAAGPNGRTKSRQAIKGFLKAKFGKFPGLRCRTDPQTKVSYLVQVVACFAQDGSTLIDCTRDTCGANFIF,,,,,,,,,,,,,,,,,,,,,,
3mbp,337.75,KIEEGKLVIWINGDKGYNGLAEVGKKFEKDTGIKVTVEHPDKLEEKFPQVAATGDGPDIIFWAHDRFGGYAQSGLLAEITPDKAFQDKLYPFTWDAVRYNGKLIAYPIAVEALSLIYNKDLLPNPPKTWEEIPALDKELKAKGKSALMFNLQEPYFTWPLIAADGGYAFKYENGKYDIKDVGVDNAGAKAGLTFLVDLIKNKHMNADTDYSIAEAAFNKGETAMTINGPWAWSNIDTSKVNYGVTVLPTFKGQPSKPFVGVLSAGINAASPNKELAKEFLENYLLTDEGLEAVNKDKPLGAVALKSYEEELAKDPRIAATMENAQKGEIMPNIPQMSAFWYAVRTAVINAASGRQTVDEALKDAQTRITK,,,,,,,,,,,,,,,,,,,,,,
1wdn,337.85,ADKKLVVATDTAFVPFEFKQGDLYVGFDVDLWAAIAKELKLDYELKPMDFSGIIPALQTKNVDLALAGITITDERKKAIDFSDGYYKSGLLVMVKANNNDVKSVKDLDGKVVAVKSGTGSVDYAKANIKTKDLRQFPNIDNAYMELGTNRADAVLHDTPNILYFIKTAGNGQFKAVGDSLEAQQYGIAFPKGSDELRDKVNGALKTLRENGTYNEIYKKWFGTEPK,,,,,,,,,,,,,,,,,,,,,,
2phl,338.05,TSLREEEESQDNPFYFNSDNSWNTLFKNQYGHIRVLQRFDQQSKRLQNLEDYRLVEFRSKPETLLLPQQADAELLLVVRSGSAILVLVKPDDRREYFFLTSDNPIFSDHQKIPAGTIFYLVNPDPKEDLRIIQLAMPVNNPQIHEFFLSSTEAQQSYLQEFSKHILEASFNSKFEEINRVLFEEEGQQEGVIVNIDSEQIKELSKHAKSSSRKSLSKQDNTIGNEFGNLTERTDNSLNVLISSIEMEEGALFVPHYYSKAIVILVVNEGEAHVELVGPKGNKETLEYESYRAELSKDDVFVIPAAYPVAIKATSNVNFTGFGINANNNNRNLLAGKTDNVISSIGRALDGKDVLGLTFSGSGDEVMKLINKQSGSYFVDAHHHQQEQQKGRKGAFVY,,,,,,,,,,,,,,,,,,,,,,
1stf_i,338.05,MMSGAPSATQPATAETQHIADQVRSQLEEKYNKKFPVFKAVSFKSQVVAGTNYFIKVHVGDEDFVHLRVFQSLPHENKPLTLSNYQTNKAKHDELTYF,,,,,,,,,,,,,,,,,,,,,,
1lz1,338.05,KVFERCELARTLKRLGMDGYRGISLANWMCLAKWESGYNTRATNYNAGDRSTDYGIFQINSRYWCNDGKTPGAVNACHLSCSALLQDNIADAVACAKRVVRDPQGIRAWVAWRNRCQNRDVRQYVQGCGV,,,,,,,,,,,,,,,,,,,,,,
2wan,338.15,DSTSTKVIVHYHRFDSNYTNWDVWMWPYQPVNGNGAAYQFTGTNDDFGAVADTQVPGDNTQVGLIVRKNDWSEKNTPNDLHIDLAKGHEVWIVQGDPTIYYNLSDAQAAAIPSVSNAYLDDEKTVLAKLSMPMTLADAASGFTVIDKTTGEKIPVTSAVSANPVTAVLVGDLQQALGAANNWSPDDDHTLLKKINPNLYQLSGTLPAGTYQYKIALDHSWNTSYPGNNVSLTVPEGGEKVTFTYIPSTNQVFDSVNHPNQAFPTSSAGVQTNLVQLTLASAPDVTHNLDVAADGYKAHNILPRNVLNLPRYDYSGNDLGNVYSKDATSFRVWAPTASNVQLLLYNSEKGSITKQLEMQKSDNGTWKLQVSGNLENWYYLYQVTVNGTTQTAVDPYARAISVNATRGMIVDLKATDPAGWQGDHEQTPANPVDEVIYEAHVRDFSIDANSGMKNKGKYLAFTEHGTKGPDHVKTGIDSLKELGITTVQLQPVEEFNSIDETQPDTYNWGYDPRNYNVPEGAYATTPEGTARITELKQLIQSLHQQRIGVNMDVVYNHTFDVMVSDFDKIVPQYYYRTDSNGNYTNGSGCGNEFATEHPMAQKFVLDSVNYWVNEYHVDGFRFDLMALLGKDTMAKISNELHAINPGIVLYGEPWTGGTSGLSSDQLVTKGQQKGLGIGVFNDNIRNGLDGNVFDKTAQGFATGDPNQVDVIKNGVIGSIQDFTSAPSETINYVTSHDNMTLWDKILASNPSDTEADRIKMDELAHAVVFTSQGVPFMQGGEEMLRTKGGNDNSYNAGDSVNQFDWSRKAQFKDVFDYFSSMIHLRNQHPAFRMTTADQIKQNLTFLESPTNTVAFELKNYANHDTWKNIIVMYNPNKTSQTLNLPSGDWTIVGLGDQIGEKSLGHVMGNVQVPAISTLILKQ,,,,,,,,,,,,,,,,,,,,,,
4blm,338.15,KTEMKDDFAKLEEQFDAKLGIFALDTGTNRTVAYRPDERFAFASTIKALTVGVLLQQKSIEDLNQRITYTRDDLVNYNPITEKHVDTGMTLKELADASLRYSDNAAQNLILKQIGGPESLKKELRKIGDEVTNPERFEPELNEVNPGETQDTSTARALVTSLRAFALEDKLPSEKRELLIDWMKRNTTGDALIRAGVPDGWEVADKTGAASYGTRNDIAIIWPPKGDPVVLAVLSSRDKKDAKYDDKLIAEATKVVMKALNMNGK,,,,,,,,,,,,,,,,,,,,,,
1sup,338.15,AQSVPYGVSQIKAPALHSQGYTGSNVKVAVIDSGIDSSHPDLKVAGGASMVPSETNPFQDNNSHGTHVAGTVAALNNSIGVLGVAPSASLYAVKVLGADGSGQYSWIINGIEWAIANNMDVINMSLGGPSGSAALKAAVDKAVASGVVVVAAAGNEGTSGSSSTVGYPGKYPSVIAVGAVDSSNQRASFSSVGPELDVMAPGVSIQSTLPGNKYGAYNGTSMASPHVAGAAALILSKHPNWTNTQVRSSLENTTTKLGDSFYYGKGLINVQAAAQ,,,,,,,,,,,,,,,,,,,,,,
1hfz_a,338.25,MEQLTKCEVFRELKDLKGYGGVSLPEWVCTTFHTSGYDTQAIVQNNDSTEYGLFQINNKIWCKDDQNPHSSNICNISCDKFLDDDLTDDIVCVKKILDKVGINYWLAHKALCSEKLDQWLCEKL,,,,,,,,,,,,,,,,,,,,,,
2lzm,338.35,MNIFEMLRIDEGLRLKIYKDTEGYYTIGIGHLLTKSPSLNAAKSELDKAIGRNCNGVITKDEAEKLFNQDVDAAVRGILRNAKLKPVYDSLDAVRRCALINMVFQMGETGVAGFTNSLRMLQQKRWDEAAVNLAKSRWYNQTPNRAKRVITTFRTGTWDAYKNL,,,,,,,,,,,,,,,,,,,,,,
1gd6,338.65,KTFTRCGLVHELRKHGFEENLMRNWVCLVEHESSRDTSKTNTNRNGSKDYGLFQINDRYWCSKGASPGKDCNVKCSDLLTDDITKAAKCAKKIYKRHRFDAWYGWKNHCQGSLPDISSC,,,,,,,,,,,,,,,,,,,,,,
7pti,339.15,RPDFCLEPPYTGPCKARIIRYFYNAKAGLAQTFVYGGCRAKRNNFKSAEDAMRTCGGAMMSGAPSATQPATAETQHIADQVRSQLEEKYNKKFPVFKAVSFKSQVVAGTNYFIKVHVGDEDFVHLRVFQSLPHENKPLTLSNYQTNKAKHDELTYF,,,,,,,,,,,,,,,,,,,,,,
1tgn,339.15,VDDDDKIVGGYTCGANTVPYQVSLNSGYHFCGGSLINSQWVVSAAHCYKSGIQVRLGEDNINVVEGNEQFISASKSIVHPSYNSNTLNNDIMLIKLKSAASLNSRVASISLPTSCASAGTQCLISGWGNTKSSGTSYPDVLKCLKAPILSDSSCKSAYPGQITSNMFCAGYLEGGKDSCQGDSGGPVVCSGKLQGIVSWGSGCAQKNKPGVYTKVCNYVSWIKQTIASN,,,,,,,,,,,,,,,,,,,,,,
1shg,339.15,MDETGKELVLALYDYQEKSPREVTMKKGDILTLLNSTNKDWWKVEVNDRQGFVPAAYVKKLD,,,,,,,,,,,,,,,,,,,,,,
1zdr,339.35,MISHIVAMDENRVIGKDNRLPWHLPADLAYFKRVTMGHAIVMGRKTFEAIGRPLPGRDNVVVTGNRSFRPEGCLVLHSLEEVKQWIASRADEVFIIGGAELFRATMPIVDRLYVTKIFASFPGDTFYPPISDDEWEIVSYTPGGKDEKNPYEHAFIIYERKKAK,,,,,,,,,,,,,,,,,,,,,,
1oa4,339.35,NQQICDRYGTTTIQDRYVVQNNRWGTSATQCINVTGNGFEITQADGSVPTNGAPKSYPSVYDGCHYGNCAPRTTLPMRISSIGSAPSSVSYRYTGNGVYNAAYDIWLDPTPRTNGVNRTEIMIWFNRVGPVQPIGSPVGTAHVGGRSWEVWTGSNGSNDVISFLAPSAISSWSFDVKDFVDQAVSHGLATPDWYLTSIQAGFEPWEGGTGLAVNSFSSAVNA,,,,,,,,,,,,,,,,,,,,,,
1g6n_a,339.55,MVLGKPQTDPTLEWFLSHCHIHKYPSKSTLIHQGEKAETLYYIVKGSVAVLIKDEEGKEMILSYLNQGDFIGELGLFEEGQERSAWVRAKTACEVAEISYKKFRQLIQVNPDILMRLSAQMARRLQVTSEKVGNLAFLDVTGRIAQTLLNLAKQPDAMTHPDGMQIKITRQEIGQIVGCSRETVGRILKMLEDQNLISAHGKTIVVYGTR,,,,,,,,,,,,,,,,,,,,,,
2cnc,339.75,MNLSRRQLLALTSAGIAMGQASKLAAATKAAEQTGLKSAYKDNFLIGAALNATIASGADERLNTLIAKEFNSITPENCMKWGVLRDAQGQWNWKDADAFVAFGTKHNLHMVGHTLVWHSQIHDEVFKNADGSYISKAALQKKMEEHITTLAGRYKGKLAAWDVVNEAVGDDLKMRDSHWYKIMGDDFIYNAFTLANEVDPKAHLMYNDYNIERTGKREATVEMIERLQKRGMPIHGLGIQGHLGIDTPPIAEIEKSIIAFAKLGLRVHFTSLDVDVLPSVWELPVAEVSTRFEYKPERDPYTKGLPQEMQDKLAKRYEDLFKLFIKHSDKIDRVTFWGVSDDASWLNDFSIPGRTNYPLLFDRKLQPKDAYFRLLDLKRLEHHHHH,,,,,,,,,,,,,,,,,,,,,,
1e0w,339.85,AESTLGAAAAQSGRYFGTAIASGRLSDSTYTSIAGREFNMVTAENEMKIDATEPQRGQFNFSSADRVYNWAVQNGKQVRGHTLAWHSQQPGWMQSLSGSALRQAMIDHINGVMAHYKGKIVQWDVVNEAFADGSSGARRDSNLQRSGNDWIEVAFRTARAADPSAKLCYNDYNVENWTWAKTQAMYNMVRDFKQRGVPIDCVGFQSHFNSGSPYNSNFRTTLQNFAALGVDVAITELDIQGAPASTYANVTNDCLAVSRCLGITVWGVRDSDSWRSEQTPLLFNNDGSKKAAYTAVLDALNGGDSSEPPADGG,,,,,,,,,,,,,,,,,,,,,,
1aye,340.05,LETFVGDQVLEIVPSNEEQIKNLLQLEAQEHLQLDFWKSPTTPGETAHVRVPFVNVQAVKVFLESQGIAYSIMIEDVQVLLDKENEEMLFNRRRERSGNFNFGAYHTLEEISQEMDNLVAEHPGLVSKVNIGSSFENRPMNVLKFSTGGDKPAIWLDAGIHAREWVTQATALWTANKIVSDYGKDPSITSILDALDIFLLPVTNPDGYVFSQTKNRMWRKTRSKVSGSLCVGVDPNRNWDAGFGGPGASSNPCSDSYHGPSANSEVEVKSIVDFIKSHGKVKAFIILHSYSQLLMFPYGYKCTKLDDFDELSEVAQKAAQSLRSLHGTKYKVGPICSVIYQASGGSIDWSYDYGIKYSFAFELRDTGRYGFLLPARQILPTAEETWLGLKAIMEHVRDHPY,,,,,,,,,,,,,,,,,,,,,,
1gwy,340.15,ALAGTIIAGASLTFQVLDKVLEELGKVSRKIAVGIDNESGGTWTALNAYFRSGTTDVILPEFVPNTKALLYSGRKDTGPVATGAVAAFAYYMSSGNTLGVMFSVPFDYNWYSNWWDVKIYSGKRRADQGMYEDLYYGNPYRGDNGWHEKNLGYGLRMKGIMTSAGEAKMQIKISR,,,,,,,,,,,,,,,,,,,,,,
1cyo,340.15,SKAVKYYTLEEIQKHNNSKSTWLILHYKVYDLTKFLEEHPGGEEVLREQAGGDATENFEDVGHSTDARELSKTFIIGELHPDDRSKITKPSES,,,,,,,,,,,,,,,,,,,,,,
1cea,340.75,LSECKTGNGKNYRGTMSKTKNGITCQKWSSTSPHRPRFSPATHPSEGLEENYCRNPDNDPQGPWCYTTDPEKRYDYCDILECEEECMH,,,,,,,,,,,,,,,,,,,,,,
2hip_a,340.85,EPRAEDGHAHDYVNEAADASGHPRYQEGQLCENCAFWGEAVQDGWGRCTHPDFDEVLVKAEGWCSVYAPAS,,,,,,,,,,,,,,,,,,,,,,
1hmk,341.65,MEQLTKCEVFQKLKDLKDYGGVSLPEWVCTAFHTSGYDTQAIVQNNDSTEYGLFQINNKIWCKDDQNPHSRNICNISCDKFLDDDLTDDIVCAKKILDKVGINYWLAHKALCSEKLDQWLCEKL,,,,,,,,,,,,,,,,,,,,,,
1olr,341.85,EIRSLCELYGYWSGNGYELLNNLWGKDTATSGWQCTYLDGTNNGGIQWSTAWEWQGAPDNVKSYPYVGKQIQRGRKISDINSMRTSVSWTYDRTDIRANVAYDVFTARDPDHPNWGGDYELMIWLARYGGIYPIGTFHSQVNLAGRTWDLWTGYNGNMRVYSFLPPSGDIRDFSCDIKDFFNYLERNHGYPAREQNLIVYQVGTECFTGGPARFTCRDFRADLW,,,,,,,,,,,,,,,,,,,,,,
1smd,342.05,EYSSNTQQGRTSIVHLFEWRWVDIALECERYLAPKGFGGVQVSPPNENVAIHNPFRPWWERYQPVSYKLCTRSGNEDEFRNMVTRCNNVGVRIYVDAVINHMCGNAVSAGTSSTCGSYFNPGSRDFPAVPYSGWDFNDGKCKTGSGDIENYNDATQVRDCRLSGLLDLALGKDYVRSKIAEYMNHLIDIGVAGFRIDASKHMWPGDIKAILDKLHNLNSNWFPEGSKPFIYQEVIDLGGEPIKSSDYFGNGRVTEFKYGAKLGTVIRKWNGEKMSYLKNWGEGWGFMPSDRALVFVDNHDNQRGHGAGGASILTFWDARLYKMAVGFMLAHPYGFTRVMSSYRWPRYFENGKDVNDWVGPPNDNGVTKEVTINPDTTCGNDWVCEHRWRQIRNMVNFRNVVDGQPFTNWYDNGSNQVAFGRGNRGFIVFNNDDWTFSLTLQTGLPAGTYCDVISGDKINGNCTGIKIYVSDDGKAHFSISNSAEDPFIAIHAESKL,,,,,,,,,,,,,,,,,,,,,,
1ezm,342.15,AEAGGPGGNQKIGKYTYGSDYGPLIVNDRCEMDDGNVITVDMNSSTDDSKTTPFRFACPTNTYKQVNGAYSPLNDAHFFGGVVFKLYRDWFGTSPLTHKLYMKVHYGRSVENAYWDGTAMLFGDGATMFYPLVSLDVAAHEVSHGFTEQNSGLIYRGQSGGMNEAFSDMAGEAAEFYMRGKNDFLIGYDIKKGSGALRYMDQPSRDGRSIDNASQYYNGIDVHHSSGVYNRAFYLLANSPGWDTRKAFEVFVDANRYYWTATSNYNSGACGVIRSAQNRNYSAADVTRAFSTVGVTCPSAL,,,,,,,,,,,,,,,,,,,,,,
1col,342.15,VAEKAKDERELLEKTSELIAGMGDKIGEHLGDKYKAIAKDIADNIKNFQGKTIRSFDDAMASLNKITANPAMKINKADRDALVNAWKHVDAQDMANKLGNLSKAFKVADVVMKVEKVREKSIEGYETGNWGPLMLEVESWVLSGIASSVALGIFSATLGAYALSLGVPAIAVGIAGILLAAVVGALIDDKFADALNNEIIRPAH,,,,,,,,,,,,,,,,,,,,,,
4cg1,342.95,ANPYERGPNPTDALLEARSGPFSVSEENVSRLSASGFGGGTIYYPRENNTYGAVAISPGYTGTEASIAWLGERIASHGFVVITIDTITTLDQPDSRAEQLNAALNHMINRASSTVRSRIDSSRLAVMGHSMGGGGSLRLASQRPDLKAAIPLTPWHLNKNWSSVTVPTLIIGADLDTIAPVATHAKPFYNSLPSSISKAYLELDGATHFAPNIPNKIIGKYSVAWLKRFVDNDTRYTQFLCPGPRDGLFGEVEEYRSTCPFYPNSSSVDKLAAALEHHHHHH,,,,,,,,,,,,,,,,,,,,,,
1a3y_a,342.35,PFELSGKWITSYIGSSDLEKIGENAPFQVFMRSIEFDDKESKVYLNFFSKENGICEEFSLIGTKQEGNTYDVNYAGNNKFVVSYASETALIISNINVDEEGDKTIMTGLLGKGTDIEDQDLEKFKEVTRENGIPEENIVNIIERDDCPA,,,,,,,,,,,,,,,,,,,,,,
1rbp,342.75,ERDCRVSSFRVKENFDKARFSGTWYAMAKKDPEGLFLQDNIVAEFSVDETGQMSATAKGRVRLLNNWDVCADMVGTFTDTEDPAKFKMKYWGVASFLQKGNDDHWIVDTDYDTYAVQYSCRLLNLDGTCADSYSFVFSRDPNGLPPEAQKIVRQRQEELCLARQYRLIVHNGYCDGRSERNL,,,,,,,,,,,,,,,,,,,,,,
1uw3,343.15,LGGYMLGSAMSRPLIHFGNDYEDCYYRENMHRYPNQVYYRPVDQYSNQNNFVHDCVNITVKQHTVTTTTKGENFTETDIKIMERVVEQMCITQYQRESQAYYQRGA,,,,,,,,,,,,,,,,,,,,,,
1ji3_a,343.15,ASLRANDAPIVLLHGFTGWGREEMFGFKYWGGVRGDIEQWLNDNGYRTYTLAVGPLSSNWDRVCEAYVQLVGGTVDYGAAHAAKHGHARFGRTYPGLLPELKRGGRIHIIAHSQGGQTARMLVSLLENGSQEEREYAKAHNVSLSPLFEGGHHFVLSVTTIATPHDGTTLVNMVDFTDRFFDLQKAVLEAAAVASNVPYTSQVYDFKLDQWGLRRQPGESFDHYFERLKRSPVWTSTDTARYDLSVSGAEKLNQWVQASPNTYYLSFSTERTYRGALTGNHYPELGMNAFSAVVCAPFLGSYRNPTLGIDSHWLENDGIVNTISMNGPKRGSNDRIVPYDGTLKKGVWNDMGTYNVDHLEIIGVDPNPSFDIRAFYLRLAEQLASLQP,,,,,,,,,,,,,,,,,,,,,,
1a70,343.15,AAYKVTLVTPTGNVEFQCPDDVYILDAAEEEGIDLPYSCRAGSCSSCAGKLKTGSLNQDDQSFLDDDQIDEGWVLTCAAYPVSDVTIETHKKEELTA,,,,,,,,,,,,,,,,,,,,,,
2imm,343.35,DIVMTQSPSSLSVSAGERVTMSCKSSQSLLNSGNQKNFLAWYQQKPGQPPKLLIYGASTRESGVPDRFTGSGSGTDFTLTISSVQAEDLAVYYCQNDHSYPLTFGAGTKLELKR,,,,,,,,,,,,,,,,,,,,,,
2gj1,343.35,SWEVGCGAPVPLVKCDENSPYRTITGDCNNRRSPALGAANRALARWLPAEYEDGLALPFGWTQRKTRNGFRVPLAREVSNKIVGYLDEEGVLDQNRSLLFMQWGQIVDHDLDFAPETELGSNEHSKTQCEEYCIQGDNCFPIMFPKNDPKLKTQGKCMPFFRAGFVCPTPPYQSLAREQINAVTSFLDASLVYGSEPSLASRLRNLSSPLGLMAVNQEAWDHGLAYLPFNNKKPSPCEFINTTARVPCFLAGDFRASEQILLATAHTLLLREHNRLARELKKLNPHWNGEKLYQEARKILGAFIQIITFRDYLPIVLGSEMQKWIPPYQGYNNSVDPRISNVFTFAFRFGHMEVPSTVSRLDENYQPWGPEAELPLHTLFFNTWRIIKDGGIDPLVRGLLAKKSKLMNQDKMVTSELRNKLFQPTHKIHGFDLAAINLQRCRDHGMPGYNSWRGFCGLSQPKTLKGLQTVLKNKILAKKLMDLYKTPDNIDIWIGGNAEPMVERGRVGPLLACLLGRQFQQIRDGDRFWWENPGVFTEKQRDSLQKVSFSRLICDNTHITKVPLHAFQANNYPHDFVDCSTVDKLDLSPWASREN,,,,,,,,,,,,,,,,,,,,,,
1cec,343.55,MVSFKAGINLGGWISQYQVFSKEHFDTFITEKDIETIAEAGFDHVRLPFDYPIIESDDNVGEYKEDGLSYIDRCLEWCKKYNLGLVLDMHHAPGYRFQDFKTSTLFEDPNQQKRFVDIWRFLAKRYINEREHIAFELLNEVVEPDSTRWNKLMLECIKAIREIDSTMWLYIGGNNYNSPDELKNLADIDDDYIVYNFHFYNPFFFTHQKAHWSESAMAYNRTVKYPGQYEGIEEFVKNNPKYSFMMELNNLKLNKELLRKDLKPAIEFREKKKCKLYCGEFGVIAIADLESRIKWHEDYISLLEEYDIGGAVWNYKKMDFEIYNEDRKPVSQELVNILARRKT,,,,,,,,,,,,,,,,,,,,,,
1r69,343.85,SISSRVKSKRIQLGLNQAELAQKVGTTQQSIEQLENGKTKRPRFLPELASALGVSVDWLLNGTSDSNVR,,,,,,,,,,,,,,,,,,,,,,
1pca,344.15,KKEDFVGHQVLRISVDDEAQVQKVKELEDLEHLQLDFWRGPARPGFPIDVRVPFPSIQAVKVFLEAHGIRYTIMIEDVQLLLDEEQEQMFASQGRARTTSTFNYATYHTLEEIYDFMDILVAEHPALVSKLQIGRSYEGRPIYVLKFSTGGSNRPAIWIDSGIHSREWITQASGVWFAKKITENYGQNSSFTAILDSMDIFLEIVTNPNGFAFTHSDNRLWRKTRSKASGSLCVGSDSNRNWDAGFGGAGASSSPCAETYHGKYPNSEVEVKSITDFVKNNGNIKAFISIHSYSQLLLYPYGYKTQSPADKSELNQIAKSAVAALKSLYGTSYKYGSIITVIYQASGGVIDWTYNQGIKYSFSFELRDTGRRGFLLPASQIIPTAQETWLALLTIMEHTLNNS,,,,,,,,,,,,,,,,,,,,,,
3d2c_a,344.35,AEHNPVVMVHGIGGSSSNFEGIKSYLVSQGWSRDKLYAVDFWDKTGTNYNNGPVLSRFVQKVLDETGAKKVDIVAHSMGGANTLYYIKYLDGGNKVANVVTLGGANRLTTDKAPPGTDPNQKILYTSIYSSDDMIVMNYLSRLDGARNVQIHGVGHMGLL,,,,,,,,,,,,,,,,,,,,,,
1ag6,344.35,VEVLLGGDDGSLAFLPGDFSVASGEEIVFKNNAGFPHNVVFDEDEIPSGVDAAKISMSEEDLLNAPGETYKVTLTEKGTYKFYCSPHQGAGMVGKVTVN,,,,,,,,,,,,,,,,,,,,,,
1amm,345.15,GKITFYEDRGFQGHCYECSSDCPNLQPYFSRCNSIRVDSGCWMLYERPNYQGHQYFLRRGDYPDYQQWMGFNDSIRSCRLIPQHTGTFRMRIYERDDFRGQMSEITDDCPSLQDRFHLTEVHSLNVLEGSWVLYEMPSYRGRQYLLRPGEYRRYLDWGAMNAKVGSLRRVMDFY,,,,,,,,,,,,,,,,,,,,,,
1tml,345.55,NDSPFYVNPNMSSAEWVRNNPNDPRTPVIRDRIASVPQGTWFAHHNPGQITGQVDALMSAAQAAGKIPILVVYNAPGRDCGNHSSGGAPSHSAYRSWIDEFAAGLKNRPAYIIVEPDLISLMSSCMQHVQQEVLETMAYAGKALKAGSSQARIYFDAGHSAWHSPAQMASWLQQADISNSAHGIATNTSNYRWTADEVAYAKAVLSAIGNPSLRAVIDTSRNGNGPAGNEWCDPSGRAIGTPSTTNTGDPMIDAFLWIKLPGEADGCIAGAGQFVPQAAYEMAIAA,,,,,,,,,,,,,,,,,,,,,,
1zip,346.05,MNLVLMGLPGAGKGTQAEKIVAAYGIPHISTGDMFRAAMKEGTPLGLQAKQYMDRGDLVPDEVTIGIVRERLSKDDCQNGFLLDGFPRTVAQAEALETMLADIGRKLDYVIHIDVRQDVLMERLTGRRICRNCGATYHLIFHPPAKPGVCDKCGGELYQRADDNEATVANRLEVNMKQMKPLVDFYEQKGYLRNINGEQDMEKVFADIRELLGGLAR,,,,,,,,,,,,,,,,,,,,,,
1jbk,346.15,HMQALKKYTIDLTERAEQGKLDPVIGRDEEIRRTIQVLQRRTKNNPVLIGEPGVGKTAIVEGLAQRIINGEVPEGLKGRRVLALDMGALVAGAKYRGEFEERLKGVLNDLAKQEGNVILFIDELHTMVGAGKADGAMDAGNMLKPALARGELHCVGATTLDEYRQYIEKDAALERRFQKVFVAEPSVEDTIAILR,,,,,,,,,,,,,,,,,,,,,,
2hpr,346.45,AQKTFKVTADSGIHARPATVLVQTASKYDADVNLEYNGKTVNLKSIMGVVSLGIAKGAEITISASGADENDALNALEETMKCEGLGE,,,,,,,,,,,,,,,,,,,,,,
1rop_a,347.05,MTKQEKTALNMARFIRSQTLTLLEKLNELDADEQADICESLHDHADELYRSCLARFGDDGENL,,,,,,,,,,,,,,,,,,,,,,
4lyz,347.15,KVFGRCELAAAMKRHGLDNYRGYSLGNWVCAAKFESNFNTQATNRNTDGSTDYGILQINSRWWCNDGRTPGSRNLCNIPCSALLSSDITASVNCAKKIVSDGNGMNAWVAWRNRCKGTDVQAWIRGCRL,,,,,,,,,,,,,,,,,,,,,,
1nlu,347.45,AAGTAKGHNPTEFPTIYDASSAPTAANTTVGIITIGGVSQTLQDLQQFTSANGLASVNTQTIQTGSSNGDYSDDQQGQGEWDLDSQSIVGSAGGAVQQLLFYMADQSASGNTGLTQAFNQAVSDNVAKVINVSLGWCEADANADGTLQAEDRIFATAAAQGQTFSVSSGDEGVYECNNRGYPDGSTYSVSWPASSPNVIAVGGTTLYTTSAGAYSNETVWNEGLDSNGKLWATGGGYSVYESKPSWQSVVSGTPGRRLLPDISFDAAQGTGALIYNYGQLQQIGGTSLASPIFVGLWARLQSANSNSLGFPAASFYSAISSTPSLVHDVKSGNNGYGGYGYNAGTGWDYPTGWGSLDIAKLSAYIRSNGF,,,,,,,,,,,,,,,,,,,,,,
1svn,348.65,AQSVPWGISRVQAPAAHNRGLTGSGVKVAVLDTGISTHPDLNIRGGASFVPGEPSTQDGNGHGTHVAGTIAALNNSIGVLGVAPSAELYAVKVLGASGSGSVSSIAQGLEWAGNNGMHVANLSLGSPSPSATLEQAVNSATSRGVLVVAASGNSGAGSISYPARYANAMAVGATDQNNNRASFSQYGAGLDIVAPGVNVQSTYPGSTYASLNGTSMATPHVAGAAALVKQKNPSWSNVQIRNHLKNTATSLGSTNLYGSGLVNAEAATR,,,,,,,,,,,,,,,,,,,,,,
1yu5_x,349.15,PTKLETFPLDVLVNTAAEDLPRGVDPSRKENHLSDEDFKAVFGMTRSAFANLPLWKQQNLKKEKGLF,,,,,,,,,,,,,,,,,,,,,,
1fvk,349.95,AQYEDGKQYTTLEKPVAGAPQVLEFFSFFCPHCYQFEEVLHISDNVKKKLPEGVKMTKYHVNFMGGDLGKDLTQAWAVAMALGVEDKVTVPLFEGVQKTQTIRSASDIRDVFINAGIKGEEYDAAWNSFVVKSLVAQQEKAAADVQLRGVPAMFVNGKYQLNPQGMDTSNMDVFVQQYADTVKYLSEKK,,,,,,,,,,,,,,,,,,,,,,
1c9o_a,350.05,MQRGKVKWFNNEKGYGFIEVEGGSDVFVHFTAIQGEGFKTLEEGQEVSFEIVQGNRGPQAANVVKL,,,,,,,,,,,,,,,,,,,,,,
2hbb,350.75,MKVIFLKDVKGKGKKGEIKNVADGYANNFLFKQGLAIEATPANLKALEAQK,,,,,,,,,,,,,,,,,,,,,,
1ova_a,351.15,XGSIGAASMEFCFDVFKELKVHHANENIFYCPIAIMSALAMVYLGAKDSTRTQINKVVRFDKLPGFGDSIEAQCGTSVNVHSSLRDILNQITKPNDVYSFSLASRLYAEERYPILPEYLQCVKELYRGGLEPINFQTAADQARELINSWVESQTNGIIRNVLQPSSVDSQTAMVLVNAIVFKGLWEKAFKDEDTQAMPFRVTEQESKPVQMMYQIGLFRVASMASEKMKILELPFASGTMSMLVLLPDEVSGLEQLESIINFEKLTEWTSSNVMEERKIKVYLPRMKMEEKYNLTSVLMAMGITDVFSSSANLSGISSAESLKISQAVHAAHAEINEAGREVVGSAEAGVDAASVSEEFRADHPFLFCIKHIATNAVLFFGRCVSP,,,,,,,,,,,,,,,,,,,,,,
1ha4_a,351.15,GQYKIQIFEKGDFSGQMYETTEDCPSIMEQFHMREIHSCKVLEGVWIFYELPNYRGRQYLLDKKEYRKPIDWGAASPAVQSFRRIVE,,,,,,,,,,,,,,,,,,,,,,
1ymb,351.45,GLSDGEWQQVLNVWGKVEADIAGHGQEVLIRLFTGHPETLEKFDKFKHLKTEAEMKASEDLKKHGTVVLTALGGILKKKGHHEAELKPLAQSHATKHKIPIKYLEFISDAIIHVLHSKHPGDFGADAQGAMTKALELFRNDIAAKYKELGFQG,,,,,,,,,,,,,,,,,,,,,,
1pgx,352.55,MDPGDASELTPAVTTYKLVINGKTLKGETTTKAVDAETAEKAFKQYANDNGVDGVWTYDDATKTFTVTEMVTEVPVASKRKED,,,,,,,,,,,,,,,,,,,,,,
1gtg,352.55,AAPTAYTPLDVAQAYQFPEGLDGQGQCIAIIELGGGYDETSLAQYFASLGVSAPQVVSVSVDGATNQPTGDPNGPDGEVELDIEVAGALAPGAKIAVYFAPNTDAGFLNAITTAVHDPTHKPSIVSISWGGPEDSWAPASIAAMNRAFLDAAALGVTVLAAAGDSGSTDGEQDGLYHVDFPAASPYVLACGGTRLVASAGRIERETVWNDGPDGGSTGGGVSRIFPLPSWQERANVPPSANPGAGSGRGVPDVAGNADPATGYEVVIDGETTVIGGTSAVAPLFAALVARINQKLGKPVGYLNPTLYQLPPEVFHDITEGNNDIANRARIYQAGPGWDPCTGLGSPIGIRLLQALLP,,,,,,,,,,,,,,,,,,,,,,
1ete_a,352.55,TQDCSFQHSPISSDFAVKIRELSDYLLQDYPVTVASNLQDDELCGGLWRLVLAQRWMERLKTVAGSKMQGLLERVNTEIHFVTKCAFQPPPSCLRFVQTNISRLLQETSEQLVALKPWITRQNFSRCLELQCQP,,,,,,,,,,,,,,,,,,,,,,
1e65_a,352.65,AECSVDIQGNDQMQFNTNAITVDKSCKQFTVNLSHPGNLPKNVMGHNWVLSTAADMQGVVTDGMASGLDKDYLKPDDSRVIAHTKLIGSGEKDSVTFDVSKLKEGEQYMFFCTFPGHSALMKGTLTLK,,,,,,,,,,,,,,,,,,,,,,
1shf_a,353.25,VTLFVALYDYEARTEDDLSFHKGEKFQILNSSEGDWWEARSLTTGETGYIPSNYVAPVD,,,,,,,,,,,,,,,,,,,,,,
2poo,353.35,KLSDPYHFTVNAAAETEPVDTAGDAADDPAIWLDPKNPQNSKLITTNKKSGLAVYSLEGKMLHSYHTGKLNNVDIRYDFPLNGKKVDIAAASNRSEGKNTIEIYAIDGKNGTLQSITDPNRPIASAIDEVYGFSLYHSQKTGKYYAMVTGKEGEFEQYELNADKNGYISGKKVRAFKMNSQTEGMAADDEYGSLYIAEEDEAIWKFSAEPDGGSNGTVIDRADGRHLTPDIEGLTIYYAADGKGYLLASSQGNSSYAIYERQGQNKYVADFQITDGPETDGTSDTDGIDVLGFGLGPEYPFGLFVAQDGENIDHGQKANQNFKMVPWERIADKIGFHPQVNKQVDPRKMTDRSGK,,,,,,,,,,,,,,,,,,,,,,
1qg5,353.35,LIVTQTMKGLDIQKVAGTWYSLAMAASDISLLDAQSAPLRVYVEELKPTPEGDLEILLQKWENDECAQKKIIAEKTKIPAVFKIDALNENKVLVLDTDYKKYLLFCMENSAEPEQSLVCQCLVRTPEVDDEALEKFDKALKALPMHIRLSFNPTQLEEQCHI,,,,,,,,,,,,,,,,,,,,,,
1is9,353.95,AGVPFNTKYPYGPTSIADNQSEVTAMLKAEWEDWKSKRITSNGAGGYKRVQRDASTNYDTVSEGMGYGLLLAVCFNEQALFDDLYRYVKSHFNGNGLMHWHIDANNNVTSHDGGDGAATDADEDIALALIFADKQWGSSGAINYGQEARTLINNLYNHCVEHGSYVLKPGDRWGGSSVTNPSYFAPAWYKVYAQYTGDTRWNQVADKCYQIVEEVKKYNNGTGLVPDWCTASGTPASGQSYDYKYDATRYGWRTAVDYSWFGDQRAKANCDMLTKFFARDGAKGIVDGYTIQGSKISNNHNASFIGPVAAASMTGYDLNFAKELYRETVAVKDSEYYGYYGNSLRLLTLLYITGNFPNPLSDL,,,,,,,,,,,,,,,,,,,,,,
1hrc,354.75,XGDVEKGKKIFVQKCAQCHTVEKGGKHKTGPNLHGLFGRKTGQAPGFTYTDANKNKGITWKEETLMEYLENPKKYIPGTKMIFAGIKKKTEREDLIAYLKKATNE,,,,,,,,,,,,,,,,,,,,,,
1hgu,355.15,FPTIPLSRLFQNAMLRAHRLHQLAFDTYEEFEEAYIPKEQKYSFLQAPQASLCFSESIPTPSNREQAQQKSNLQLLRISLLLIQSWLEPVGFLRSVFANSLVYGASDSDVYDLLKDLEEGIQTLMGRLEDGSPRTGQAFKQTYAKFDANSHNDDALLKNYGLLYCFRKDMDKVETFLRIVQCRSVEGSCGF,,,,,,,,,,,,,,,,,,,,,,
1bvc,355.35,VLSEGEWQLVLHVWAKVEADVAGHGQDILIRLFKSHPETLEKFDRFKHLKTEAEMKASEDLKKHGVTVLTALGAILKKKGHHEAELKPLAQSHATKHKIPIKYLEFISEAIIHVLHSRHPGDFGADAQGAMNKALELFRKDIAAKYKELGYQG,,,,,,,,,,,,,,,,,,,,,,
1ppn,357.45,IPEYVDWRQKGAVTPVKNQGSCGSCWAFSAVVTIEGIIKIRTGNLNEYSEQELLDCDRRSYGCNGGYPWSALQLVAQYGIHYRNTYPYEGVQRYCRSREKGPYAAKTDGVRQVQPYNEGALLYSIANQPVSVVLEAAGKDFQLYRGGIFVGPCGNKVDHAVAAVGYGPNYILIKNSWGTGWGENGYIRIKRGTGNSYGVCGLYTSSFYPVKN,,,,,,,,,,,,,,,,,,,,,,
2ocj_a,357.95,SSSVPSQKTYQGSYGFRLGFLHSGTAKSVTCTYSPALNKMFCQLAKTCPVQLWVDSTPPPGTRVRAMAIYKQSQHMTEVVRRCPHHERCSDSDGLAPPQHLIRVEGNLRVEYLDDRNTFRHSVVVPYEPPEVGSDCTTIHYNYMCNSSCMGGMNRRPILTIITLEDSSGNLLGRNSFEVRVCACPGRDRRTEEENLRKKGEPHHELPPGSTKRALPNNT,,,,,,,,,,,,,,,,,,,,,,
2ovo,358.35,LAAVSVDCSEYPKPACTMEYRPLCGSDNKTYGNKCNFCNAVVESNGTLTLSHFGKC,,,,,,,,,,,,,,,,,,,,,,
1io2,358.35,MKIAGIDEAGRGPVIGPMVIAAVVVDENSLPKLEELKVRDSKKLTPKRREKLFNEILGVLDDYVILELPPDVIGSREGTLNEFEVENFAKALNSLKVKPDVIYADAADVDEERFARELGERLNFEAEVVAKHKADDIFPVVSAASILAKVTRDRAVEKLKEEYGEIGSGYPSDPRTRAFLENYYREHGEFPPIVRKGWKTLKKIAEKVESEKK,,,,,,,,,,,,,,,,,,,,,,
1cse,358.95,TEFGSELKSFPEVVGKTVDQAREYFTLHYPQYNVYFLPEGSPVTLDLRYNRVRVFYNPGTNVVNHVPHVG,,,,,,,,,,,,,,,,,,,,,,
1iv7,359.05,GEWEIIDIGPFTQNLGKFAVDEENKIGQYGRLTFNKVIRPCMKKTIYENEGFREIKGYEYQLYVYASDKLFRADISEDYKTRGRKLLRFNGPVPPP,,,,,,,,,,,,,,,,,,,,,,
1qez,359.15,MKLSPGKNAPDVVNVLVEIPQGSNIKYEYDDEEGVIKVDRVLYTSMNYPFNYGFIPGTLEEDGDPLDVLVITNYQLYPGSVIEVRPIGILYMKDEEGEDAKIVAVPKDKTDPSFSNIKDINDLPQATKNKIVHFFEHYKELEPGKYVKISGWGSATEAKNRIQLAIKRVSGGQ,,,,,,,,,,,,,,,,,,,,,,
1bsq,359.15,LIVTQTMKGLDIQKVAGTWYSLAMAASDISLLDAQSAPLRVYVEELKPTPEGDLEILLQKWENGECAQKKIIAEKTKIPAVFKIDALNENKVLVLDTDYKKYLLFCMENSAEPEQSLACQCLVRTPEVDDEALEKFDKALKALPMHIRLSFNPTQLEEQCHI,,,,,,,,,,,,,,,,,,,,,,
1nni,359.65,MNMLVINGTPRKHGRTRIAASYIAALYHTDLIDLSEFVLPVFNGEAEQSELLKVQELKQRVTKADAIVLLSPEYHSGMSGALKNALDFLSSEQFKYKPVALLAVAGGGKGGINALNNMRTVMRGVYANVIPKQLVLDPVHIDVENATVAENIKESIKELVEELSMFAKAGNPGV,,,,,,,,,,,,,,,,,,,,,,
1ynr_a,360.65,NEQLAKQKGCMACHDLKAKKVGPAYADVAKKYAGRKDAVDYLAGKIKKGGSGVWGSVPMPPQNVTDAEAKQLAQWILSIK,,,,,,,,,,,,,,,,,,,,,,
1pga,360.65,MTYKLILNGKTLKGETTTEAVDAATAEKVFKQYANDNGVDGEWTYDDATKTFTVTE,,,,,,,,,,,,,,,,,,,,,,
1onc,360.95,EDWLTFQKKHITNTRDVDCDNIMSTNLFHCKDKNTFIYSRPEPVKAICKGIIASKNVLTTSEFYLSDCNVTSRPCKYKLKKSTNKFCVTCENQAPVHFVGVGSC,,,,,,,,,,,,,,,,,,,,,,
2trx_a,361.15,SDKIIHLTDDSFDTDVLKADGAILVDFWAEWCGPCKMIAPILDEIADEYQGKLTVAKLNIDQNPGTAPKYGIRGIPTLLLFKNGEVAATKVGALSKGQLKEFLDANLA,,,,,,,,,,,,,,,,,,,,,,
1n97,361.15,MKRLSLREAWPYLKDLQQDPLAVLLAWGRAHPRLFLPLPRFPLALIFDPEGVEGALLAEGTTKATFQYRALSRLTGRGLLTDWGESWKEARKALKDPFLPKNVRGYREAMEEEARAFFGEWRGEERDLDHEMLALSLRLLGRALFGKPLSPSLAEHALKALDRIMAQTRSPLALLDLAAEARFRKDRGALYREAEALIVHPPLSHLPRERALSEAVTLLVAGHETVASALTWSFLLLSHRPDWQKRVAESEEAALAAFQEALRLYPPAWILTRRLERPLLLGEDRLPPGTTLVLSPYVTQRLHFPDGEAFRPERFLEERGTPSGRYFPFGLGQRLCLGRDFALLEGPIVLRAFFRRFRLDPLPFPRVLAQVTLRPEGGLPARPREEVRA,,,,,,,,,,,,,,,,,,,,,,
1y4y,361.45,MAEKTFKVVSDSGIHARPATILVQTASKFNSEIQLEYNGKTVNLKSIMGVMSLGIPKGATIKITAEGADAAEAMAALTDTLAKEGLAE,,,,,,,,,,,,,,,,,,,,,,
2prd,362.15,ANLKSLPVGDKAPEVVHMVIEVPRGSGNKYEYDPDLGAIKLDRVLPGAQFYPGDYGFIPSTLAEDGDPLDGLVLSTYPLLPGVVVEVRVVGLLLMEDEKGGDAKVIGVVAEDQRLDHIQDIGDVPEGVKQEIQHFFETYKALEAKKGKWVKVTGWRDRKAALEEVRACIARYKG,,,,,,,,,,,,,,,,,,,,,,
5cpv,363.15,XAFAGVLNDADIAAALEACKAADSFNHKAFFAKVGLTSKSADDVKKAFAIIDQDKSGFIEEDELKLFLQNFKADARALTDGETKTFLKAGDSDGDGKIGVDEFTALVKA,,,,,,,,,,,,,,,,,,,,,,
1ubq,363.15,MQIFVKTLTGKTITLEVEPSDTIENVKAKIQDKEGIPPDQQRLIFAGKQLEDGRTLSDYNIQKESTLHLVLRLRGG,,,,,,,,,,,,,,,,,,,,,,
1hev,363.25,EQCGRQAGGKLCPNNLCCSQWGWCGSTDEYCSPDHNCQSNCKD,,,,,,,,,,,,,,,,,,,,,,
3wrp,363.45,MAQQSPYSAAMAEQRHQEWLRFVDLLKNAYQNDLHLPLLNLMLTPDEREALGTRVRIVEELLRGEMSQRELKNELGAGIATITRGSNSLKAAPVELRQWLEEVLLKSD,,,,,,,,,,,,,,,,,,,,,,
1i4n,363.45,RRLWEIVEAKKKDILEIDGENLIVQRRNHRFLEVLSGKERVKIIAEFKKASPSAGDINADASLEDFIRMYDELADAISILTEKHYFKGDPAFVRAARNLTCRPILAKDFYIDTVQVKLASSVGADAILIIARILTAEQIKEIYEAAEELGMDSLVEVHSREDLEKVFSVIRPKIIGINTRDLDTFEIKKNVLWELLPLVPDDTVVVAESGIKDPRELKDLRGKVNAVLVGTSIMKAENPRRFLEEMRAWSE,,,,,,,,,,,,,,,,,,,,,,
1f4t_a,364.15,MYDWFSEMRKKDPVYYDGNIWQVFSYRYTKEVLNNFSKFSSDLTGYHERLEDLRNGKIRFDIPTRYTMLTSDPPLHDELRSMSADIFSPQKLQTLETFIRETTRSLLDSIDPREDDIVKKLAVPLPIIVISKILGLPIEDKEKFKEWSDLVAFRLGKPGEIFELGKKYLELIGYVKDHLNSGTEVVSRVVNSNLSDIEKLGYIILLLIAGNETTTNLISNSVIDFTRFNLWQRIREENLYLKAIEEALRYSPPVMRTVRKTKERVKLGDQTIEEGEYVRVWIASANRDEEVFHDGEKFIPDRNPNPHLSFGSGIHLCLGAPLARLEARIAIEEFSKRFRHIEILDTEKVPNEVLNGYKRLVVRLKSNE,,,,,,,,,,,,,,,,,,,,,,
1evq,364.15,MPLDPVIQQVLDQLNRMPAPDYKHLSAQQFRSQQSLFPPVKKEPVAEVREFDMDLPGRTLKVRMYRPEGVEPPYPALVYYHGGGWVVGDLETHDPVCRVLAKDGRAVVFSVDYRLAPEHKFPAAVEDAYDALQWIAERAADFHLDPARIAVGGDSAGGNLAAVTSILAKERGGPALAFQLLIYPSTGYDPAHPPASIEENAEGYLLTGGMMLWFRDQYLNSLEELTHPWFSPVLYPDLSGLPPAYIATAQYDPLRDVGKLYAEALNKAGVKVEIENFEDLIHGFAQFYSLSPGATKALVRIAEKLRDALA,,,,,,,,,,,,,,,,,,,,,,
1h7m,366.95,GSVDFAFELRKAQDTGKIVMGARKSIQYAKMGGAKLIIVARNARPDIKEDIEYYARLSGIPVYEFEGTSVELGTLLGRPHTVSALAVVDPGESRILALGGKE,,,,,,,,,,,,,,,,,,,,,,
1c52,368.05,QADGAKIYAQCAGCHQQNGQGIPGAFPPLAGHVAEILAKEGGREYLILVLLYGLQGQIEVKGMKYNGVMSSFAQLKDEEIAAVLNHIATAWGDAKKVKGFKPFTAEEVKKLRAKKLTPQQVLAERKKLGLK,,,,,,,,,,,,,,,,,,,,,,
1jji_a,372.15,MLDMPIDPVYYQLAEYFDSLPKFDQFSSAREYREAINRIYEERNRQLSQHERVERVEDRTIKGRNGDIRVRVYQQKPDSPVLVYYHGGGFVICSIESHDALCRRIARLSNSTVVSVDYRLAPEHKFPAAVYDCYDATKWVAENAEELRIDPSKIFVGGDSAGGNLAAAVSIMARDSGEDFIKHQILIYPVVNFVAPTPSLLEFGEGLWILDQKIMSWFSEQYFSREEDKFNPLASVIFADLENLPPALIITAEYDPLRDEGEVFGQMLRRAGVEASIVRYRGVLHGFINYYPVLKAARDAINQIAALLVFD,,,,,,,,,,,,,,,,,,,,,,
2bjd,373.95,MKKWSDTEVFEMLKRMYARVYGLVQGVGFRKFVQIHAIRLGIKGYAKNLPDGSVEVVAEGYEEALSKLLERIKQGPPAAEVEKVDYSFSEYKGEFEDFETY,,,,,,,,,,,,,,,,,,,,,,
1tmy,374.05,MGKRVLIVDDAAFMRMMLKDIITKAGYEVAGEATNGREAVEKYKELKPDIVTMDITMPEMNGIDAIKEIMKIDPNAKIIVCSAMGQQAMVIEAIKAGAKDFIVKPFQPSRVVEALNKVSK,,,,,,,,,,,,,,,,,,,,,,
1irn,377.45,MKKYTCTVCGYIYNPEDGDPDNGVNPGTDFKDIPDDWVCPLCGVGKDQFEEVEE,,,,,,,,,,,,,,,,,,,,,,
5pti,377.65,RPDFCLEPPYTGPCKARIIRYFYNAKAGLCQTFVYGGCRAKRNNFKSAEDCMRTCGGA,,,,,,,,,,,,,,,,,,,,,,
2d0s,381.15,DEALAKAKGCMACHAIDKKLVGPSYKDVAKKYTEADVPKLVEKVKKGGAGVWGPVPMPPHPQVAEADIEKIVRWVLTLK,,,,,,,,,,,,,,,,,,,,,,
2a3m,381.15,MRKSLFAVMVLALVAAFALPVIAAEAPADGLKMENTKMPVIFNHSSHSSYQCADCHHPVDGKENLAKCATAGCHDVFDKKDKSVHSYYKIIHDRKATTVATCMSCHLEAAGSDKDLKKELTGCKKSKCHP,,,,,,,,,,,,,,,,,,,,,,
1w2i_a,384.65,MAIVRAHLKIYGRVQGVGFRWSMQREARKLGVNGWVRNLPDGSVEAVLEGDEERVEALIGWAHQGPPLARVTRVEVKWEQPKGEKGFRIVG,,,,,,,,,,,,,,,,,,,,,,
1nza,385.85,MEEVVLITVPSEEVARTIAKALVEERLAACVNIVPGLTSIYRWQGEVVEDQELLLLVKTTTHAFPKLKERVKALHPYTVPEIVALPIAEGNREYLDWLRENTG,,,,,,,,,,,,,,,,,,,,,,
1gtm_a,387.65,VEADPYEIVIKQLERAAQYMEISEEALEFLKRPQRIVEVTIPVEMDDGSVKVFTGFRVQHNWARGPTKGGIRWHPEETLSTVKALAAWMTWKTAVMDLPYGGGKGGIIVDPKKLSDREKERLARGYIRAIYDVISPYEDIPAPDVYTNPQIMAWMMDEYETISRRKTPAFGIITGKPLSIGGSLGRIEATARGASYTIREAAKVLGWDTLKGKTIAIQGYGNAGYYLAKIMSEDFGMKVVAVSDSKGGIYNPDGLNADEVLKWKNEHGSVKDFPGATNITNEELLELEVDVLAPAAIEEVITKKNADNIKAKIVAEVANGPVTPEADEILFEKGILQIPDFLCNAGGVTVSYFEWVQNITGYYWTIEEVRERLDKKMTKAFYDVYNIAKEKNIHMRDAAYVVAVQRVYQAMLDRGWVKH,,,,,,,,,,,,,,,,,,,,,,
1dju,393.25,ALSDRLELVSASEIRKLFDIAAGMKDVISLGIGEPDFDTPQHIKEYAKEALDKGLTHYGPNIGLLELREAIAEKLKKQNGIEADPKTEIMVLLGANQAFLMGLSAFLKDGEEVLIPTPAFVSYAPAVILAGGKPVEVPTYEEDEFRLNVDELKKYVTDKTRALIINSPCNPTGAVLTKKDLEEIADFVVEHDLIVISDEVYEHFIYDDARHYSIASLDGMFERTITVNGFSKTFAMTGWRLGFVAAPSWIIERMVKFQMYNATCPVTFIQYAAAKALKDERSWKAVEEMRKEYDRRRKLVWKRLNEMGLPTVKPKGAFYIFPRIRDTGLTSKKFSELMLKEARVAVVPGSAFGKAGEGYVRISYATAYEKLEEAMERMERVLKERKLV,,,,,,,,,,,,,,,,,,,,,,
2cth_a,394.75,APKAPADGLKMEATKQPVVFNHSTHKSVKCGDCHHPVNGKEDYRKCGTAGCHDSMDKKDKSAKGYYHVMHDKNTKFKSCVGCHVEVAGADAAKKKDLTGCKKSKCHE,,,,,,,,,,,,,,,,,,,,,,
1brf,416.95,AKWVCKICGYIYDEDAGDPDNGISPGTKFEELPDDWVCPICGAPKSEFEKLED,,,,,,,,,,,,,,,,,,,,,,
1j2v,421.65,MIIVYTTFPDWESAEKVVKTLLKERMIACANLREHRAFYWWEGKIEEDKEVGAILKTREDLWEELKERIKELHPYDVPAIIRIDVDDVNEDYLKWLIEETKK,,,,,,,,,,,,,,,,,,,,,,
1ALC,298,KQFTKCELSQNLYDIDGYGRIALPELICTMFHTSGYDTQAIVENNESTEYGLFQISNALWCKSSQSPQSRNICDITCDKFLDDDITDDIMCAKKILDIKGIDYWIAHKALCTEKLEQWLCEKE,,,,,,,,,,,,,,,,,,,,,,
2LZM,324,MNIFEMLRIDERLRLKIYKDTEGYYTIGIGHLLTKSPSLNAAKSELDKAIGRNCNGVITKDEAEKLFNQDVDAAVRGILRNAKLKPVYDSLDAVRRCALINMVFQMGETGVAGFTNSLRMLQQKRWDEAAVNLAKSIWYNQTPNRAKRVITTFRTGTWDAYKNL,,,,,,,,,,,,,,,,,,,,,,
1ACP,326,MSTIEERVKKIIGEQLGVKQEEVTNNASFVEDLGADSLDTVELVMALEEEFDTEIPDEEAEKITTVQAAIDYINGHQA,,,,,,,,,,,,,,,,,,,,,,
6I1B,326,MAEVPELASEMMAYYSGNEDDLFFEADGPKQMKCSFQDLDLCPLDGGIQLRISDHHYSKGFRQAASVVVAMDKLRKMLVPCPQTFQENDLSTFFPFIFEEEPIFFDTWDNEAYVHDAPVRSLNCTLRDSQQKSLVMSGPYELKALHLQGQDMEQQVVFSMSFVQGEESNDKIPVALGLKEKNLYLSCVLKDDKPTLQLESVDPKNYPKKKMEKRFVFNKIEINNKLEFESAQFPNWYISTSQAENMPVFLGGTKGGQDITDFTMQFVSS,,,,,,,,,,,,,,,,,,,,,,
1BNJ,327,MMKMEGIALKKRLSWISVCLLVLVSAAGMLFSTAAKTETSSHKAHTEAQVINTFDGVADYLQTYHKLPDNYITKSEAQALGWVASKGNLADVAPGKSIGGDIFSNREGKLPGKSGRTWREADINYTSGFRNSDRILYSSDWLIYKTTDHYQTFTKIR,,,,,,,,,,,,,,,,,,,,,,
1ARR,327,MKGMSKMPQFNLRWPREVLDLVRKVAEENGRSVNSEIYQRVMESFKKEGRIGA,,,,,,,,,,,,,,,,,,,,,,
1STN,327,MLVMTEYLLSAGICMAIVSILLIGMAISNVSKGQYAKRFFFFATSCLVLTLVVVSSLSSSANASQTDNGVNRSGSEDPTVYSATSTKKLHKEPATLIKAIDGDTVKLMYKGQPMTFRLLLVDTPETKHPKKGVEKYGPEASAFTKKMVENAKKIEVEFDKGQRTDKYGRGLAYIYADGKMVNEALVRQGLAKVAYVYKPNNTHEQHLRKSEAQAKKEKLNIWSEDNADSGQ,,,,,,,,,,,,,,,,,,,,,,
1BN1,328,MSHHWGYGKHNGPEHWHKDFPIAKGERQSPVDIDTHTAKYDPSLKPLSVSYDQATSLRILNNGHAFNVEFDDSQDKAVLKGGPLDGTYRLIQFHFHWGSLDGQGSEHTVDKKKYAAELHLVHWNTKYGDFGKAVQQPDGLAVLGIFLKVGSAKPGLQKVVDVLDSIKTKGKSADFTNFDPRGLLPESLDYWTYPGSLTTPPLLECVTWIVLKEPISVSSEQVLKFRKLNFNGEGEPEELMVDNWRPAQPLKNRQIKASFK,,,,,,,,,,,,,,,,,,,,,,
3RN3,332,MALKSLVLLSLLVLVLLLVRVQPSLGKETAAAKFERQHMDSSTSAASSSNYCNQMMKSRNLTKDRCKPVNTFVHESLADVQAVCSQKNVACKNGQTNCYQSYSTMSITDCRETGSSKYPNCAYKTTQANKHIIVACEGNPYVPVHFDASV,,,,,,,,,,,,,,,,,,,,,,
1ABE,332,MHKFTKALAAIGLAAVMSQSAMAENLKLGFLVKQPEEPWFQTEWKFADKAGKDLGFEVIKIAVPDGEKTLNAIDSLAASGAKGFVICTPDPKLGSAIVAKARGYDMKVIAVDDQFVNAKGKPMDTVPLVMMAATKIGERQGQELYKEMQKRGWDVKESAVMAITANELDTARRRTTGSMDALKAAGFPEKQIYQVPTKSNDIPGAFDAANSMLVQHPEVKHWLIVGMNDSTVLGGVRATEGQGFKAADIIGIGINGVDAVSELSKAQATGFYGSLLPSPDVHGYKSSEMLYNWVAKDVEPPKFTEVTDVVLITRDNFKEELEKKGLGGK,,,,,,,,,,,,,,,,,,,,,,
1HRC,333,MGDVEKGKKIFVQKCAQCHTVEKGGKHKTGPNLHGLFGRKTGQAPGFTYTDANKNKGITWKEETLMEYLENPKKYIPGTKMIFAGIKKKTEREDLIAYLKKATNE,,,,,,,,,,,,,,,,,,,,,,
1LYS,333,MRSLLILVLCFLPLAALGKVFGRCELAAAMKRHGLDNYRGYSLGNWVCAAKFESNFNTQATNRNTDGSTDYGILQINSRWWCNDGRTPGSRNLCNIPCSALLSSDITASVNCAKKIVSDGNGMNAWVAWRNRCKGTDVQAWIRGCRL,,,,,,,,,,,,,,,,,,,,,,
5CHA,333,CGVPAIQPVLSGLSRIVNGEEAVPGSWPWQVSLQDKTGFHFCGGSLINENWVVTAAHCGVTTSDVVVAGEFDQGSSSEKIQKLKIAKVFKNSKYNSLTINNDITLLKLSTAASFSQTVSAVCLPSASDDFAAGTTCVTTGWGLTRYTNANTPDRLQQASLPLLSNTNCKKYWGTKIKDAMICAGASGVSSCMGDSGGPLVCKKNGAWTLVGIVSWGSSTCSTSTPGVYARVTALVNWVQQTLAAN,,,,,,,,,,,,,,,,,,,,,,
2CAB,333,MASPDWGYDDKNGPEQWSKLYPIANGNNQSPVDIKTSETKHDTSLKPISVSYNPATAKEIINVGHSFHVNFEDNDNRSVLKGGPFSDSYRLFQFHFHWGSTNEHGSEHTVDGVKYSAELHVAHWNSAKYSSLAEAASKADGLAVIGVLMKVGEANPKLQKVLDALQAIKTKGKRAPFTNFDPSTLLPSSLDFWTYPGSLTHPPLYESVTWIICKESISVSSEQLAQFRSLLSNVEGDNAVPMQHNNRPTQPLKGRTVRASF,,,,,,,,,,,,,,,,,,,,,,
9RNT,334,ACDYTCGSNCYSSSDVSTAQAAGYKLHEDGETVGSNSYPHKYNNYEGFDFSVSSPYYEWPILSSGDVYSGGSPGADRVVFNENNQLAGVITHTGASGNNFVECT,,,,,,,,,,,,,,,,,,,,,,
1PMK,335,VQDCYHGDGQSYRGTSSTTTTGKKCQSWSSMTPHRHQKTPENYPNAGLTMNYCRNPDADKGPWCFTTDPSVRWEYCNLKKCSGTEASV,,,,,,,,,,,,,,,,,,,,,,
5PEP,336,IGDEPLENYLDTEYFGTIGIGTPAQDFTVIFDTGSSNLWVPSVYCSSLACSDHNQFNPDDSSTFEATSQELSITYGTGSMTGILGYDTVQVGGISDTNQIFGLSETEPGSFLYYAPFDGILGLAYPSISASGATPVFDNLWDQGLVSQDLFSVYLSSNDDSGSVVLLGGIDSSYYTGSLNWVPVSVEGYWQITLDSITMDGETIACSGGCQAIVDTGTSLLTGPTSAIANIQSDIGASENSDGEMVISCSSIASLPDIVFTINGVQYPLSPSAYILQDDDSCTSGFEGMDVPTSSGELWILGDVFIRQYYTVFDRANNKVGLAPVA,,,,,,,,,,,,,,,,,,,,,,
1SHG,339,MDETGKELVLALYDYQEKSPREVTMKKGDILTLLNSTNKDWWKVEVNDRQGFVPAAYVKKLD,,,,,,,,,,,,,,,,,,,,,,
3PSG,339,LVKVPLVRKKSLRQNLIKDGKLKDFLKTHKHNPASKYFPEAAALIGDEPLENYLDTEYFGTIGIGTPAQDFTVIFDTGSS,,,,,,,,,,,,,,,,,,,,,,
1BTA,343,KKAVINGEQIRSISDLHQTLKKELALPEYYGENLDALWDCLTGWVEYPLVLEWRQFEQSKQLTENGAESVLQVFREAKAEGCDITIILS,,,,,,,,,,,,,,,,,,,,,,
2ZTA,343,XRMKQLEDKVEELLSKNYHLENEVARLKKLVGER,,,,,,,,,,,,,,,,,,,,,,
1CYO,343,SKAVKYYTLEEIQKHNNSKSTWLILHYKVYDLTKFLEEHPGGEEVLREQAGGDATENFEDVGHSTDARELSKTFIIGELHPDDRSKITKPSES,,,,,,,,,,,,,,,,,,,,,,
2OVO,346,LAAVSVDCSEYPKPACTMEYRPLCGSDNKTYGNKCNFCNAVVESNGTLTLSHFGKC,,,,,,,,,,,,,,,,,,,,,,
2HPR,346,AQKTFKVTADSGIHARPATVLVQTASKYDADVNLEYNGKTVNLKSIMGVVSLGIAKGAEITISASGADENDALNALEETMKCEGLGE,,,,,,,,,,,,,,,,,,,,,,
1COA,347,MKTEWPELVGKSVEEAKKVILQDKPEAQIIVLPVGTIVTMEYRIDRVRLFVDKLDNVAEVPRVG,,,,,,,,,,,,,,,,,,,,,,
1PGX,352,MDPGDASELTPAVTTYKLVINGKTLKGETTTKAVDAETAEKAFKQYANDNGVDGVWTYDDATKTFTVTEMVTEVPVASKRKED,,,,,,,,,,,,,,,,,,,,,,
1LZ1,353,KVFERCELARTLKRLGMDGYRGISLANWMCLAKWESGYNTRATNYNAGDRSTDYGIFQINSRYWCNDGKTPGAVNACHLSCSALLQDNIADAVACAKRVVRDPQGIRAWVAWRNRCQNRDVRQYVQGCGV,,,,,,,,,,,,,,,,,,,,,,
9PAP,357,IPEYVDWRQKGAVTPVKNQGSCGSCWAFSAVVTIEGIIKIRTGNLNQYSEQELLDCDRRSYGCNGGYPWSALQLVAQYGIHYRNTYPYEGVQRYCRSREKGPYAAKTDGVRQVQPYNQGALLYSIANQPVSVVLQAAGKDFQLYRGGIFVGPCGNKVDHAVAAVGYGPNYILIKNSWGTGWGENGYIRIKRGTGNSYGVCGLYTSSFYPVKN,,,,,,,,,,,,,,,,,,,,,,
4MBN,358,VLSEGEWQLVLHVWAKVEADVAGHGQDILIRLFKSHPETLEKFDRFKHLKTEAEMKASEDLKKHGVTVLTALGAILKKKGHHEAELKPLAQSHATKHKIPIKYLEFISEAIIHVLHSRHPGDFGADAQGAMNKALELFRKDIAAKYKELGYQG,,,,,,,,,,,,,,,,,,,,,,
2TRX,360,SDKIIHLTDDSFDTDVLKADGAILVDFWAEWCGPCKMIAPILDEIADEYQGKLTVAKLNIDQNPGTAPKYGIRGIPTLLLFKNGEVAATKVGALSKGQLKEFLDANLA,,,,,,,,,,,,,,,,,,,,,,
1UBQ,363,MQIFVKTLTGKTITLEVEPSDTIENVKAKIQDKEGIPPDQQRLIFAGKQLEDGRTLSDYNIQKESTLHLVLRLRGG,,,,,,,,,,,,,,,,,,,,,,
5CPV,363,XAFAGVLNDADIAAALEACKAADSFNHKAFFAKVGLTSKSADDVKKAFAIIDQDKSGFIEEDELKLFLQNFKADARALTDGETKTFLKAGDSDGDGKIGVDEFTALVKA,,,,,,,,,,,,,,,,,,,,,,
2WRP,363,AQQSPYSAAMAEQRHQEWLRFVDLLKNAYQNDLHLPLLNLMLTPDEREALGTRVRIVEELLRGEMSQRELKNELGAGIATITRGSNSLKAAPVELRQWLEEVLLKSD,,,,,,,,,,,,,,,,,,,,,,
1CYV,364,MIPGGLSEAKPATPEIQEIVDKVKPQLEEKTNETYGKLEAVQYKTQVVAGTNYYIKVRAGDNKYLHLKVFKSLPGQNEDLVLTGYQVDKNKDDELTGF,,,,,,,,,,,,,,,,,,,,,,
1SAP,364,MVKVKFKYKGEEKEVDTSKIKKVWRVGKMVSFTYDDNGKTGRGAVSEKDAPKELLDMLARAEREKK,,,,,,,,,,,,,,,,,,,,,,
3AIT,366,MRVRALRLAALVGAGAALALSPLAAGPASADTTVSEPAPSCVTLYQSWRYSQADNGCAQTVTVKVVYEDDTEGLCYAVAPGQITTVGDGYIGSHGHARYLARCL,,,,,,,,,,,,,,,,,,,,,,
,,,,,,,,,,,,,,,,,,,,,,,,
,,,,,,,,,,,,,,,,,,,,,,,,
,,,,,,,,,,,,,,,,,,,,,,,,
,,,,,,,,,,,,,,,,,,,,,,,,
,,,,,,,,,,,,,,,,,,,,,,,,
,,,,,,,,,,,,,,,,,,,,,,,,
,,,,,,,,,,,,,,,,,,,,,,,,
,,,,,,,,,,,,,,,,,,,,,,,,
,,,,,,,,,,,,,,,,,,,,,,,,
,,,,,,,,,,,,,,,,,,,,,,,,
,,,,,,,,,,,,,,,,,,,,,,,,
,,,,,,,,,,,,,,,,,,,,,,,,
,,,,,,,,,,,,,,,,,,,,,,,,
,,,,,,,,,,,,,,,,,,,,,,,,
,,,,,,,,,,,,,,,,,,,,,,,,
,,,,,,,,,,,,,,,,,,,,,,,,
,,,,,,,,,,,,,,,,,,,,,,,,
,,,,,,,,,,,,,,,,,,,,,,,,
,,,,,,,,,,,,,,,,,,,,,,,,
,,,,,,,,,,,,,,,,,,,,,,,,
,,,,,,,,,,,,,,,,,,,,,,,,
,,,,,,,,,,,,,,,,,,,,,,,,
,,,,,,,,,,,,,,,,,,,,,,,,
,,,,,,,,,,,,,,,,,,,,,,,,
,,,,,,,,,,,,,,,,,,,,,,,,
,,,,,,,,,,,,,,,,,,,,,,,,
,,,,,,,,,,,,,,,,,,,,,,,,
,,,,,,,,,,,,,,,,,,,,,,,,
,,,,,,,,,,,,,,,,,,,,,,,,
,,,,,,,,,,,,,,,,,,,,,,,,
,,,,,,,,,,,,,,,,,,,,,,,,
,,,,,,,,,,,,,,,,,,,,,,,,
,,,,,,,,,,,,,,,,,,,,,,,,
,,,,,,,,,,,,,,,,,,,,,,,,
,,,,,,,,,,,,,,,,,,,,,,,,
,,,,,,,,,,,,,,,,,,,,,,,,
,,,,,,,,,,,,,,,,,,,,,,,,
,,,,,,,,,,,,,,,,,,,,,,,,
,,,,,,,,,,,,,,,,,,,,,,,,
,,,,,,,,,,,,,,,,,,,,,,,,
,,,,,,,,,,,,,,,,,,,,,,,,
,,,,,,,,,,,,,,,,,,,,,,,,
,,,,,,,,,,,,,,,,,,,,,,,,
,,,,,,,,,,,,,,,,,,,,,,,,
,,,,,,,,,,,,,,,,,,,,,,,,
,,,,,,,,,,,,,,,,,,,,,,,,
,,,,,,,,,,,,,,,,,,,,,,,,
,,,,,,,,,,,,,,,,,,,,,,,,
,,,,,,,,,,,,,,,,,,,,,,,,
,,,,,,,,,,,,,,,,,,,,,,,,
,,,,,,,,,,,,,,,,,,,,,,,,
,,,,,,,,,,,,,,,,,,,,,,,,
,,,,,,,,,,,,,,,,,,,,,,,,
,,,,,,,,,,,,,,,,,,,,,,,,
,,,,,,,,,,,,,,,,,,,,,,,,
,,,,,,,,,,,,,,,,,,,,,,,,
,,,,,,,,,,,,,,,,,,,,,,,,
,,,,,,,,,,,,,,,,,,,,,,,,
,,,,,,,,,,,,,,,,,,,,,,,,
,,,,,,,,,,,,,,,,,,,,,,,,
,,,,,,,,,,,,,,,,,,,,,,,,
,,,,,,,,,,,,,,,,,,,,,,,,
,,,,,,,,,,,,,,,,,,,,,,,,
,,,,,,,,,,,,,,,,,,,,,,,,
,,,,,,,,,,,,,,,,,,,,,,,,
,,,,,,,,,,,,,,,,,,,,,,,,
,,,,,,,,,,,,,,,,,,,,,,,,
,,,,,,,,,,,,,,,,,,,,,,,,
,,,,,,,,,,,,,,,,,,,,,,,,
,,,,,,,,,,,,,,,,,,,,,,,,
,,,,,,,,,,,,,,,,,,,,,,,,
,,,,,,,,,,,,,,,,,,,,,,,,
,,,,,,,,,,,,,,,,,,,,,,,,
,,,,,,,,,,,,,,,,,,,,,,,,
,,,,,,,,,,,,,,,,,,,,,,,,
,,,,,,,,,,,,,,,,,,,,,,,,
,,,,,,,,,,,,,,,,,,,,,,,,
,,,,,,,,,,,,,,,,,,,,,,,,
,,,,,,,,,,,,,,,,,,,,,,,,
,,,,,,,,,,,,,,,,,,,,,,,,
,,,,,,,,,,,,,,,,,,,,,,,,
,,,,,,,,,,,,,,,,,,,,,,,,
,,,,,,,,,,,,,,,,,,,,,,,,
,,,,,,,,,,,,,,,,,,,,,,,,
,,,,,,,,,,,,,,,,,,,,,,,,
,,,,,,,,,,,,,,,,,,,,,,,,
,,,,,,,,,,,,,,,,,,,,,,,,
,,,,,,,,,,,,,,,,,,,,,,,,
,,,,,,,,,,,,,,,,,,,,,,,,
,,,,,,,,,,,,,,,,,,,,,,,,
,,,,,,,,,,,,,,,,,,,,,,,,
,,,,,,,,,,,,,,,,,,,,,,,,
,,,,,,,,,,,,,,,,,,,,,,,,
,,,,,,,,,,,,,,,,,,,,,,,,
,,,,,,,,,,,,,,,,,,,,,,,,
,,,,,,,,,,,,,,,,,,,,,,,,
,,,,,,,,,,,,,,,,,,,,,,,,
,,,,,,,,,,,,,,,,,,,,,,,,
,,,,,,,,,,,,,,,,,,,,,,,,
,,,,,,,,,,,,,,,,,,,,,,,,
,,,,,,,,,,,,,,,,,,,,,,,,
,,,,,,,,,,,,,,,,,,,,,,,,
,,,,,,,,,,,,,,,,,,,,,,,,
,,,,,,,,,,,,,,,,,,,,,,,,
,,,,,,,,,,,,,,,,,,,,,,,,
,,,,,,,,,,,,,,,,,,,,,,,,
,,,,,,,,,,,,,,,,,,,,,,,,
,,,,,,,,,,,,,,,,,,,,,,,,
,,,,,,,,,,,,,,,,,,,,,,,,
,,,,,,,,,,,,,,,,,,,,,,,,
,,,,,,,,,,,,,,,,,,,,,,,,
,,,,,,,,,,,,,,,,,,,,,,,,
,,,,,,,,,,,,,,,,,,,,,,,,
,,,,,,,,,,,,,,,,,,,,,,,,
,,,,,,,,,,,,,,,,,,,,,,,,
,,,,,,,,,,,,,,,,,,,,,,,,
,,,,,,,,,,,,,,,,,,,,,,,,
,,,,,,,,,,,,,,,,,,,,,,,,
,,,,,,,,,,,,,,,,,,,,,,,,
,,,,,,,,,,,,,,,,,,,,,,,,
,,,,,,,,,,,,,,,,,,,,,,,,
,,,,,,,,,,,,,,,,,,,,,,,,
,,,,,,,,,,,,,,,,,,,,,,,,
,,,,,,,,,,,,,,,,,,,,,,,,
,,,,,,,,,,,,,,,,,,,,,,,,
,,,,,,,,,,,,,,,,,,,,,,,,
,,,,,,,,,,,,,,,,,,,,,,,,
,,,,,,,,,,,,,,,,,,,,,,,,
,,,,,,,,,,,,,,,,,,,,,,,,
,,,,,,,,,,,,,,,,,,,,,,,,
,,,,,,,,,,,,,,,,,,,,,,,,
,,,,,,,,,,,,,,,,,,,,,,,,
,,,,,,,,,,,,,,,,,,,,,,,,
,,,,,,,,,,,,,,,,,,,,,,,,
,,,,,,,,,,,,,,,,,,,,,,,,
,,,,,,,,,,,,,,,,,,,,,,,,
,,,,,,,,,,,,,,,,,,,,,,,,
,,,,,,,,,,,,,,,,,,,,,,,,
,,,,,,,,,,,,,,,,,,,,,,,,
,,,,,,,,,,,,,,,,,,,,,,,,
,,,,,,,,,,,,,,,,,,,,,,,,
,,,,,,,,,,,,,,,,,,,,,,,,
,,,,,,,,,,,,,,,,,,,,,,,,
,,,,,,,,,,,,,,,,,,,,,,,,
,,,,,,,,,,,,,,,,,,,,,,,,
,,,,,,,,,,,,,,,,,,,,,,,,
,,,,,,,,,,,,,,,,,,,,,,,,
,,,,,,,,,,,,,,,,,,,,,,,,
,,,,,,,,,,,,,,,,,,,,,,,,
,,,,,,,,,,,,,,,,,,,,,,,,
,,,,,,,,,,,,,,,,,,,,,,,,
,,,,,,,,,,,,,,,,,,,,,,,,
,,,,,,,,,,,,,,,,,,,,,,,,
,,,,,,,,,,,,,,,,,,,,,,,,
,,,,,,,,,,,,,,,,,,,,,,,,
,,,,,,,,,,,,,,,,,,,,,,,,
,,,,,,,,,,,,,,,,,,,,,,,,
,,,,,,,,,,,,,,,,,,,,,,,,
,,,,,,,,,,,,,,,,,,,,,,,,
,,,,,,,,,,,,,,,,,,,,,,,,
,,,,,,,,,,,,,,,,,,,,,,,,
,,,,,,,,,,,,,,,,,,,,,,,,
,,,,,,,,,,,,,,,,,,,,,,,,
,,,,,,,,,,,,,,,,,,,,,,,,
,,,,,,,,,,,,,,,,,,,,,,,,
,,,,,,,,,,,,,,,,,,,,,,,,
,,,,,,,,,,,,,,,,,,,,,,,,
,,,,,,,,,,,,,,,,,,,,,,,,
,,,,,,,,,,,,,,,,,,,,,,,,
,,,,,,,,,,,,,,,,,,,,,,,,
,,,,,,,,,,,,,,,,,,,,,,,,
,,,,,,,,,,,,,,,,,,,,,,,,
,,,,,,,,,,,,,,,,,,,,,,,,
,,,,,,,,,,,,,,,,,,,,,,,,
,,,,,,,,,,,,,,,,,,,,,,,,
,,,,,,,,,,,,,,,,,,,,,,,,
,,,,,,,,,,,,,,,,,,,,,,,,
,,,,,,,,,,,,,,,,,,,,,,,,
,,,,,,,,,,,,,,,,,,,,,,,,
,,,,,,,,,,,,,,,,,,,,,,,,
,,,,,,,,,,,,,,,,,,,,,,,,
,,,,,,,,,,,,,,,,,,,,,,,,
,,,,,,,,,,,,,,,,,,,,,,,,
,,,,,,,,,,,,,,,,,,,,,,,,
,,,,,,,,,,,,,,,,,,,,,,,,
,,,,,,,,,,,,,,,,,,,,,,,,
,,,,,,,,,,,,,,,,,,,,,,,,
,,,,,,,,,,,,,,,,,,,,,,,,
,,,,,,,,,,,,,,,,,,,,,,,,
,,,,,,,,,,,,,,,,,,,,,,,,
,,,,,,,,,,,,,,,,,,,,,,,,
,,,,,,,,,,,,,,,,,,,,,,,,
,,,,,,,,,,,,,,,,,,,,,,,,
,,,,,,,,,,,,,,,,,,,,,,,,
,,,,,,,,,,,,,,,,,,,,,,,,
,,,,,,,,,,,,,,,,,,,,,,,,
,,,,,,,,,,,,,,,,,,,,,,,,
,,,,,,,,,,,,,,,,,,,,,,,,
,,,,,,,,,,,,,,,,,,,,,,,,
,,,,,,,,,,,,,,,,,,,,,,,,
,,,,,,,,,,,,,,,,,,,,,,,,
,,,,,,,,,,,,,,,,,,,,,,,,
,,,,,,,,,,,,,,,,,,,,,,,,
,,,,,,,,,,,,,,,,,,,,,,,,
,,,,,,,,,,,,,,,,,,,,,,,,
,,,,,,,,,,,,,,,,,,,,,,,,
,,,,,,,,,,,,,,,,,,,,,,,,
,,,,,,,,,,,,,,,,,,,,,,,,
,,,,,,,,,,,,,,,,,,,,,,,,
,,,,,,,,,,,,,,,,,,,,,,,,
,,,,,,,,,,,,,,,,,,,,,,,,
,,,,,,,,,,,,,,,,,,,,,,,,
,,,,,,,,,,,,,,,,,,,,,,,,
,,,,,,,,,,,,,,,,,,,,,,,,
,,,,,,,,,,,,,,,,,,,,,,,,
,,,,,,,,,,,,,,,,,,,,,,,,
,,,,,,,,,,,,,,,,,,,,,,,,
,,,,,,,,,,,,,,,,,,,,,,,,
,,,,,,,,,,,,,,,,,,,,,,,,
,,,,,,,,,,,,,,,,,,,,,,,,
,,,,,,,,,,,,,,,,,,,,,,,,
,,,,,,,,,,,,,,,,,,,,,,,,
,,,,,,,,,,,,,,,,,,,,,,,,
,,,,,,,,,,,,,,,,,,,,,,,,
,,,,,,,,,,,,,,,,,,,,,,,,
,,,,,,,,,,,,,,,,,,,,,,,,
,,,,,,,,,,,,,,,,,,,,,,,,
,,,,,,,,,,,,,,,,,,,,,,,,
,,,,,,,,,,,,,,,,,,,,,,,,
,,,,,,,,,,,,,,,,,,,,,,,,
,,,,,,,,,,,,,,,,,,,,,,,,
,,,,,,,,,,,,,,,,,,,,,,,,
,,,,,,,,,,,,,,,,,,,,,,,,
,,,,,,,,,,,,,,,,,,,,,,,,
,,,,,,,,,,,,,,,,,,,,,,,,
,,,,,,,,,,,,,,,,,,,,,,,,
,,,,,,,,,,,,,,,,,,,,,,,,
,,,,,,,,,,,,,,,,,,,,,,,,
,,,,,,,,,,,,,,,,,,,,,,,,
,,,,,,,,,,,,,,,,,,,,,,,,
,,,,,,,,,,,,,,,,,,,,,,,,
,,,,,,,,,,,,,,,,,,,,,,,,
,,,,,,,,,,,,,,,,,,,,,,,,
,,,,,,,,,,,,,,,,,,,,,,,,
,,,,,,,,,,,,,,,,,,,,,,,,
,,,,,,,,,,,,,,,,,,,,,,,,
,,,,,,,,,,,,,,,,,,,,,,,,
,,,,,,,,,,,,,,,,,,,,,,,,
,,,,,,,,,,,,,,,,,,,,,,,,
,,,,,,,,,,,,,,,,,,,,,,,,
,,,,,,,,,,,,,,,,,,,,,,,,
,,,,,,,,,,,,,,,,,,,,,,,,
,,,,,,,,,,,,,,,,,,,,,,,,
,,,,,,,,,,,,,,,,,,,,,,,,
,,,,,,,,,,,,,,,,,,,,,,,,
,,,,,,,,,,,,,,,,,,,,,,,,
,,,,,,,,,,,,,,,,,,,,,,,,
,,,,,,,,,,,,,,,,,,,,,,,,
,,,,,,,,,,,,,,,,,,,,,,,,
,,,,,,,,,,,,,,,,,,,,,,,,
,,,,,,,,,,,,,,,,,,,,,,,,
,,,,,,,,,,,,,,,,,,,,,,,,
,,,,,,,,,,,,,,,,,,,,,,,,
,,,,,,,,,,,,,,,,,,,,,,,,
,,,,,,,,,,,,,,,,,,,,,,,,
,,,,,,,,,,,,,,,,,,,,,,,,
,,,,,,,,,,,,,,,,,,,,,,,,
,,,,,,,,,,,,,,,,,,,,,,,,
,,,,,,,,,,,,,,,,,,,,,,,,
,,,,,,,,,,,,,,,,,,,,,,,,
,,,,,,,,,,,,,,,,,,,,,,,,
,,,,,,,,,,,,,,,,,,,,,,,,
,,,,,,,,,,,,,,,,,,,,,,,,
,,,,,,,,,,,,,,,,,,,,,,,,
,,,,,,,,,,,,,,,,,,,,,,,,
,,,,,,,,,,,,,,,,,,,,,,,,
,,,,,,,,,,,,,,,,,,,,,,,,
,,,,,,,,,,,,,,,,,,,,,,,,
,,,,,,,,,,,,,,,,,,,,,,,,
,,,,,,,,,,,,,,,,,,,,,,,,
,,,,,,,,,,,,,,,,,,,,,,,,
,,,,,,,,,,,,,,,,,,,,,,,,
,,,,,,,,,,,,,,,,,,,,,,,,
,,,,,,,,,,,,,,,,,,,,,,,,
,,,,,,,,,,,,,,,,,,,,,,,,
,,,,,,,,,,,,,,,,,,,,,,,,
,,,,,,,,,,,,,,,,,,,,,,,,
,,,,,,,,,,,,,,,,,,,,,,,,
,,,,,,,,,,,,,,,,,,,,,,,,
,,,,,,,,,,,,,,,,,,,,,,,,
,,,,,,,,,,,,,,,,,,,,,,,,
,,,,,,,,,,,,,,,,,,,,,,,,
,,,,,,,,,,,,,,,,,,,,,,,,
,,,,,,,,,,,,,,,,,,,,,,,,
,,,,,,,,,,,,,,,,,,,,,,,,
,,,,,,,,,,,,,,,,,,,,,,,,
,,,,,,,,,,,,,,,,,,,,,,,,
,,,,,,,,,,,,,,,,,,,,,,,,
,,,,,,,,,,,,,,,,,,,,,,,,
,,,,,,,,,,,,,,,,,,,,,,,,
,,,,,,,,,,,,,,,,,,,,,,,,
,,,,,,,,,,,,,,,,,,,,,,,,
,,,,,,,,,,,,,,,,,,,,,,,,
,,,,,,,,,,,,,,,,,,,,,,,,
,,,,,,,,,,,,,,,,,,,,,,,,
,,,,,,,,,,,,,,,,,,,,,,,,
,,,,,,,,,,,,,,,,,,,,,,,,
,,,,,,,,,,,,,,,,,,,,,,,,
,,,,,,,,,,,,,,,,,,,,,,,,
,,,,,,,,,,,,,,,,,,,,,,,,
,,,,,,,,,,,,,,,,,,,,,,,,
,,,,,,,,,,,,,,,,,,,,,,,,
,,,,,,,,,,,,,,,,,,,,,,,,
,,,,,,,,,,,,,,,,,,,,,,,,
,,,,,,,,,,,,,,,,,,,,,,,,
,,,,,,,,,,,,,,,,,,,,,,,,
,,,,,,,,,,,,,,,,,,,,,,,,
,,,,,,,,,,,,,,,,,,,,,,,,
,,,,,,,,,,,,,,,,,,,,,,,,
,,,,,,,,,,,,,,,,,,,,,,,,
,,,,,,,,,,,,,,,,,,,,,,,,
,,,,,,,,,,,,,,,,,,,,,,,,
,,,,,,,,,,,,,,,,,,,,,,,,
,,,,,,,,,,,,,,,,,,,,,,,,
,,,,,,,,,,,,,,,,,,,,,,,,
,,,,,,,,,,,,,,,,,,,,,,,,
,,,,,,,,,,,,,,,,,,,,,,,,
,,,,,,,,,,,,,,,,,,,,,,,,
,,,,,,,,,,,,,,,,,,,,,,,,
,,,,,,,,,,,,,,,,,,,,,,,,
,,,,,,,,,,,,,,,,,,,,,,,,
,,,,,,,,,,,,,,,,,,,,,,,,
,,,,,,,,,,,,,,,,,,,,,,,,
,,,,,,,,,,,,,,,,,,,,,,,,
,,,,,,,,,,,,,,,,,,,,,,,,
,,,,,,,,,,,,,,,,,,,,,,,,
,,,,,,,,,,,,,,,,,,,,,,,,
,,,,,,,,,,,,,,,,,,,,,,,,
,,,,,,,,,,,,,,,,,,,,,,,,
,,,,,,,,,,,,,,,,,,,,,,,,
,,,,,,,,,,,,,,,,,,,,,,,,
,,,,,,,,,,,,,,,,,,,,,,,,
,,,,,,,,,,,,,,,,,,,,,,,,
,,,,,,,,,,,,,,,,,,,,,,,,
,,,,,,,,,,,,,,,,,,,,,,,,
,,,,,,,,,,,,,,,,,,,,,,,,
,,,,,,,,,,,,,,,,,,,,,,,,
,,,,,,,,,,,,,,,,,,,,,,,,
,,,,,,,,,,,,,,,,,,,,,,,,
,,,,,,,,,,,,,,,,,,,,,,,,
,,,,,,,,,,,,,,,,,,,,,,,,
,,,,,,,,,,,,,,,,,,,,,,,,
,,,,,,,,,,,,,,,,,,,,,,,,
,,,,,,,,,,,,,,,,,,,,,,,,
,,,,,,,,,,,,,,,,,,,,,,,,
,,,,,,,,,,,,,,,,,,,,,,,,
,,,,,,,,,,,,,,,,,,,,,,,,
,,,,,,,,,,,,,,,,,,,,,,,,
,,,,,,,,,,,,,,,,,,,,,,,,
,,,,,,,,,,,,,,,,,,,,,,,,
,,,,,,,,,,,,,,,,,,,,,,,,
,,,,,,,,,,,,,,,,,,,,,,,,
,,,,,,,,,,,,,,,,,,,,,,,,
,,,,,,,,,,,,,,,,,,,,,,,,
,,,,,,,,,,,,,,,,,,,,,,,,
,,,,,,,,,,,,,,,,,,,,,,,,
,,,,,,,,,,,,,,,,,,,,,,,,
,,,,,,,,,,,,,,,,,,,,,,,,
,,,,,,,,,,,,,,,,,,,,,,,,
,,,,,,,,,,,,,,,,,,,,,,,,
,,,,,,,,,,,,,,,,,,,,,,,,
,,,,,,,,,,,,,,,,,,,,,,,,
,,,,,,,,,,,,,,,,,,,,,,,,
,,,,,,,,,,,,,,,,,,,,,,,,
,,,,,,,,,,,,,,,,,,,,,,,,
,,,,,,,,,,,,,,,,,,,,,,,,
,,,,,,,,,,,,,,,,,,,,,,,,
,,,,,,,,,,,,,,,,,,,,,,,,
,,,,,,,,,,,,,,,,,,,,,,,,
,,,,,,,,,,,,,,,,,,,,,,,,
,,,,,,,,,,,,,,,,,,,,,,,,
,,,,,,,,,,,,,,,,,,,,,,,,
,,,,,,,,,,,,,,,,,,,,,,,,
,,,,,,,,,,,,,,,,,,,,,,,,
,,,,,,,,,,,,,,,,,,,,,,,,
,,,,,,,,,,,,,,,,,,,,,,,,
,,,,,,,,,,,,,,,,,,,,,,,,
,,,,,,,,,,,,,,,,,,,,,,,,
,,,,,,,,,,,,,,,,,,,,,,,,
,,,,,,,,,,,,,,,,,,,,,,,,
,,,,,,,,,,,,,,,,,,,,,,,,
,,,,,,,,,,,,,,,,,,,,,,,,
,,,,,,,,,,,,,,,,,,,,,,,,
,,,,,,,,,,,,,,,,,,,,,,,,
,,,,,,,,,,,,,,,,,,,,,,,,
,,,,,,,,,,,,,,,,,,,,,,,,
,,,,,,,,,,,,,,,,,,,,,,,,
,,,,,,,,,,,,,,,,,,,,,,,,
,,,,,,,,,,,,,,,,,,,,,,,,
,,,,,,,,,,,,,,,,,,,,,,,,
,,,,,,,,,,,,,,,,,,,,,,,,
,,,,,,,,,,,,,,,,,,,,,,,,
,,,,,,,,,,,,,,,,,,,,,,,,
,,,,,,,,,,,,,,,,,,,,,,,,
,,,,,,,,,,,,,,,,,,,,,,,,
,,,,,,,,,,,,,,,,,,,,,,,,
,,,,,,,,,,,,,,,,,,,,,,,,
,,,,,,,,,,,,,,,,,,,,,,,,
,,,,,,,,,,,,,,,,,,,,,,,,
,,,,,,,,,,,,,,,,,,,,,,,,
,,,,,,,,,,,,,,,,,,,,,,,,
,,,,,,,,,,,,,,,,,,,,,,,,
,,,,,,,,,,,,,,,,,,,,,,,,
,,,,,,,,,,,,,,,,,,,,,,,,
,,,,,,,,,,,,,,,,,,,,,,,,
,,,,,,,,,,,,,,,,,,,,,,,,
,,,,,,,,,,,,,,,,,,,,,,,,
,,,,,,,,,,,,,,,,,,,,,,,,
,,,,,,,,,,,,,,,,,,,,,,,,
,,,,,,,,,,,,,,,,,,,,,,,,
,,,,,,,,,,,,,,,,,,,,,,,,
,,,,,,,,,,,,,,,,,,,,,,,,
,,,,,,,,,,,,,,,,,,,,,,,,
,,,,,,,,,,,,,,,,,,,,,,,,
,,,,,,,,,,,,,,,,,,,,,,,,
,,,,,,,,,,,,,,,,,,,,,,,,
,,,,,,,,,,,,,,,,,,,,,,,,
,,,,,,,,,,,,,,,,,,,,,,,,
,,,,,,,,,,,,,,,,,,,,,,,,
,,,,,,,,,,,,,,,,,,,,,,,,
,,,,,,,,,,,,,,,,,,,,,,,,
,,,,,,,,,,,,,,,,,,,,,,,,
,,,,,,,,,,,,,,,,,,,,,,,,
,,,,,,,,,,,,,,,,,,,,,,,,
,,,,,,,,,,,,,,,,,,,,,,,,
,,,,,,,,,,,,,,,,,,,,,,,,
,,,,,,,,,,,,,,,,,,,,,,,,
,,,,,,,,,,,,,,,,,,,,,,,,
,,,,,,,,,,,,,,,,,,,,,,,,
,,,,,,,,,,,,,,,,,,,,,,,,
,,,,,,,,,,,,,,,,,,,,,,,,
,,,,,,,,,,,,,,,,,,,,,,,,
,,,,,,,,,,,,,,,,,,,,,,,,
,,,,,,,,,,,,,,,,,,,,,,,,
,,,,,,,,,,,,,,,,,,,,,,,,
,,,,,,,,,,,,,,,,,,,,,,,,
,,,,,,,,,,,,,,,,,,,,,,,,
,,,,,,,,,,,,,,,,,,,,,,,,
,,,,,,,,,,,,,,,,,,,,,,,,
,,,,,,,,,,,,,,,,,,,,,,,,
,,,,,,,,,,,,,,,,,,,,,,,,
,,,,,,,,,,,,,,,,,,,,,,,,
,,,,,,,,,,,,,,,,,,,,,,,,
,,,,,,,,,,,,,,,,,,,,,,,,
,,,,,,,,,,,,,,,,,,,,,,,,
,,,,,,,,,,,,,,,,,,,,,,,,
,,,,,,,,,,,,,,,,,,,,,,,,
,,,,,,,,,,,,,,,,,,,,,,,,
,,,,,,,,,,,,,,,,,,,,,,,,
,,,,,,,,,,,,,,,,,,,,,,,,
,,,,,,,,,,,,,,,,,,,,,,,,
,,,,,,,,,,,,,,,,,,,,,,,,
,,,,,,,,,,,,,,,,,,,,,,,,
,,,,,,,,,,,,,,,,,,,,,,,,
,,,,,,,,,,,,,,,,,,,,,,,,
,,,,,,,,,,,,,,,,,,,,,,,,
,,,,,,,,,,,,,,,,,,,,,,,,
,,,,,,,,,,,,,,,,,,,,,,,,
,,,,,,,,,,,,,,,,,,,,,,,,
,,,,,,,,,,,,,,,,,,,,,,,,
,,,,,,,,,,,,,,,,,,,,,,,,
,,,,,,,,,,,,,,,,,,,,,,,,
,,,,,,,,,,,,,,,,,,,,,,,,
,,,,,,,,,,,,,,,,,,,,,,,,
,,,,,,,,,,,,,,,,,,,,,,,,
,,,,,,,,,,,,,,,,,,,,,,,,
,,,,,,,,,,,,,,,,,,,,,,,,
,,,,,,,,,,,,,,,,,,,,,,,,
,,,,,,,,,,,,,,,,,,,,,,,,
,,,,,,,,,,,,,,,,,,,,,,,,
,,,,,,,,,,,,,,,,,,,,,,,,
,,,,,,,,,,,,,,,,,,,,,,,,
,,,,,,,,,,,,,,,,,,,,,,,,
,,,,,,,,,,,,,,,,,,,,,,,,
,,,,,,,,,,,,,,,,,,,,,,,,
,,,,,,,,,,,,,,,,,,,,,,,,
,,,,,,,,,,,,,,,,,,,,,,,,
,,,,,,,,,,,,,,,,,,,,,,,,
,,,,,,,,,,,,,,,,,,,,,,,,
,,,,,,,,,,,,,,,,,,,,,,,,
,,,,,,,,,,,,,,,,,,,,,,,,
,,,,,,,,,,,,,,,,,,,,,,,,
,,,,,,,,,,,,,,,,,,,,,,,,
,,,,,,,,,,,,,,,,,,,,,,,,
,,,,,,,,,,,,,,,,,,,,,,,,
,,,,,,,,,,,,,,,,,,,,,,,,
,,,,,,,,,,,,,,,,,,,,,,,,
,,,,,,,,,,,,,,,,,,,,,,,,
,,,,,,,,,,,,,,,,,,,,,,,,
,,,,,,,,,,,,,,,,,,,,,,,,
,,,,,,,,,,,,,,,,,,,,,,,,
,,,,,,,,,,,,,,,,,,,,,,,,
,,,,,,,,,,,,,,,,,,,,,,,,
,,,,,,,,,,,,,,,,,,,,,,,,
,,,,,,,,,,,,,,,,,,,,,,,,
,,,,,,,,,,,,,,,,,,,,,,,,
,,,,,,,,,,,,,,,,,,,,,,,,
,,,,,,,,,,,,,,,,,,,,,,,,
,,,,,,,,,,,,,,,,,,,,,,,,
,,,,,,,,,,,,,,,,,,,,,,,,
,,,,,,,,,,,,,,,,,,,,,,,,
,,,,,,,,,,,,,,,,,,,,,,,,
,,,,,,,,,,,,,,,,,,,,,,,,
,,,,,,,,,,,,,,,,,,,,,,,,
,,,,,,,,,,,,,,,,,,,,,,,,
,,,,,,,,,,,,,,,,,,,,,,,,
,,,,,,,,,,,,,,,,,,,,,,,,
,,,,,,,,,,,,,,,,,,,,,,,,
,,,,,,,,,,,,,,,,,,,,,,,,
,,,,,,,,,,,,,,,,,,,,,,,,
,,,,,,,,,,,,,,,,,,,,,,,,
,,,,,,,,,,,,,,,,,,,,,,,,
,,,,,,,,,,,,,,,,,,,,,,,,
,,,,,,,,,,,,,,,,,,,,,,,,
,,,,,,,,,,,,,,,,,,,,,,,,
,,,,,,,,,,,,,,,,,,,,,,,,
,,,,,,,,,,,,,,,,,,,,,,,,
,,,,,,,,,,,,,,,,,,,,,,,,
,,,,,,,,,,,,,,,,,,,,,,,,
,,,,,,,,,,,,,,,,,,,,,,,,
,,,,,,,,,,,,,,,,,,,,,,,,
,,,,,,,,,,,,,,,,,,,,,,,,
,,,,,,,,,,,,,,,,,,,,,,,,
,,,,,,,,,,,,,,,,,,,,,,,,
,,,,,,,,,,,,,,,,,,,,,,,,
,,,,,,,,,,,,,,,,,,,,,,,,
,,,,,,,,,,,,,,,,,,,,,,,,
,,,,,,,,,,,,,,,,,,,,,,,,
,,,,,,,,,,,,,,,,,,,,,,,,
,,,,,,,,,,,,,,,,,,,,,,,,
,,,,,,,,,,,,,,,,,,,,,,,,
,,,,,,,,,,,,,,,,,,,,,,,,
,,,,,,,,,,,,,,,,,,,,,,,,
,,,,,,,,,,,,,,,,,,,,,,,,
,,,,,,,,,,,,,,,,,,,,,,,,
,,,,,,,,,,,,,,,,,,,,,,,,
,,,,,,,,,,,,,,,,,,,,,,,,
,,,,,,,,,,,,,,,,,,,,,,,,
,,,,,,,,,,,,,,,,,,,,,,,,
,,,,,,,,,,,,,,,,,,,,,,,,
,,,,,,,,,,,,,,,,,,,,,,,,
,,,,,,,,,,,,,,,,,,,,,,,,
,,,,,,,,,,,,,,,,,,,,,,,,
,,,,,,,,,,,,,,,,,,,,,,,,
,,,,,,,,,,,,,,,,,,,,,,,,
,,,,,,,,,,,,,,,,,,,,,,,,
,,,,,,,,,,,,,,,,,,,,,,,,
,,,,,,,,,,,,,,,,,,,,,,,,
,,,,,,,,,,,,,,,,,,,,,,,,
,,,,,,,,,,,,,,,,,,,,,,,,
,,,,,,,,,,,,,,,,,,,,,,,,
,,,,,,,,,,,,,,,,,,,,,,,,
,,,,,,,,,,,,,,,,,,,,,,,,
,,,,,,,,,,,,,,,,,,,,,,,,
,,,,,,,,,,,,,,,,,,,,,,,,
,,,,,,,,,,,,,,,,,,,,,,,,
,,,,,,,,,,,,,,,,,,,,,,,,
,,,,,,,,,,,,,,,,,,,,,,,,
,,,,,,,,,,,,,,,,,,,,,,,,
,,,,,,,,,,,,,,,,,,,,,,,,
,,,,,,,,,,,,,,,,,,,,,,,,
,,,,,,,,,,,,,,,,,,,,,,,,
,,,,,,,,,,,,,,,,,,,,,,,,
,,,,,,,,,,,,,,,,,,,,,,,,
,,,,,,,,,,,,,,,,,,,,,,,,
,,,,,,,,,,,,,,,,,,,,,,,,
,,,,,,,,,,,,,,,,,,,,,,,,
,,,,,,,,,,,,,,,,,,,,,,,,
,,,,,,,,,,,,,,,,,,,,,,,,
,,,,,,,,,,,,,,,,,,,,,,,,
,,,,,,,,,,,,,,,,,,,,,,,,
,,,,,,,,,,,,,,,,,,,,,,,,
,,,,,,,,,,,,,,,,,,,,,,,,
,,,,,,,,,,,,,,,,,,,,,,,,
,,,,,,,,,,,,,,,,,,,,,,,,
,,,,,,,,,,,,,,,,,,,,,,,,
,,,,,,,,,,,,,,,,,,,,,,,,
,,,,,,,,,,,,,,,,,,,,,,,,
,,,,,,,,,,,,,,,,,,,,,,,,
,,,,,,,,,,,,,,,,,,,,,,,,
,,,,,,,,,,,,,,,,,,,,,,,,
,,,,,,,,,,,,,,,,,,,,,,,,
,,,,,,,,,,,,,,,,,,,,,,,,
,,,,,,,,,,,,,,,,,,,,,,,,
,,,,,,,,,,,,,,,,,,,,,,,,
,,,,,,,,,,,,,,,,,,,,,,,,
,,,,,,,,,,,,,,,,,,,,,,,,
,,,,,,,,,,,,,,,,,,,,,,,,
,,,,,,,,,,,,,,,,,,,,,,,,
,,,,,,,,,,,,,,,,,,,,,,,,
,,,,,,,,,,,,,,,,,,,,,,,,
,,,,,,,,,,,,,,,,,,,,,,,,
,,,,,,,,,,,,,,,,,,,,,,,,
,,,,,,,,,,,,,,,,,,,,,,,,
,,,,,,,,,,,,,,,,,,,,,,,,
,,,,,,,,,,,,,,,,,,,,,,,,
,,,,,,,,,,,,,,,,,,,,,,,,
,,,,,,,,,,,,,,,,,,,,,,,,
,,,,,,,,,,,,,,,,,,,,,,,,
,,,,,,,,,,,,,,,,,,,,,,,,
,,,,,,,,,,,,,,,,,,,,,,,,
,,,,,,,,,,,,,,,,,,,,,,,,
,,,,,,,,,,,,,,,,,,,,,,,,
,,,,,,,,,,,,,,,,,,,,,,,,
,,,,,,,,,,,,,,,,,,,,,,,,
,,,,,,,,,,,,,,,,,,,,,,,,
,,,,,,,,,,,,,,,,,,,,,,,,
,,,,,,,,,,,,,,,,,,,,,,,,
,,,,,,,,,,,,,,,,,,,,,,,,
,,,,,,,,,,,,,,,,,,,,,,,,
,,,,,,,,,,,,,,,,,,,,,,,,
,,,,,,,,,,,,,,,,,,,,,,,,
,,,,,,,,,,,,,,,,,,,,,,,,
,,,,,,,,,,,,,,,,,,,,,,,,
,,,,,,,,,,,,,,,,,,,,,,,,
,,,,,,,,,,,,,,,,,,,,,,,,
,,,,,,,,,,,,,,,,,,,,,,,,
,,,,,,,,,,,,,,,,,,,,,,,,
,,,,,,,,,,,,,,,,,,,,,,,,
,,,,,,,,,,,,,,,,,,,,,,,,
,,,,,,,,,,,,,,,,,,,,,,,,
,,,,,,,,,,,,,,,,,,,,,,,,
,,,,,,,,,,,,,,,,,,,,,,,,
,,,,,,,,,,,,,,,,,,,,,,,,
,,,,,,,,,,,,,,,,,,,,,,,,
,,,,,,,,,,,,,,,,,,,,,,,,
,,,,,,,,,,,,,,,,,,,,,,,,
,,,,,,,,,,,,,,,,,,,,,,,,
,,,,,,,,,,,,,,,,,,,,,,,,
,,,,,,,,,,,,,,,,,,,,,,,,
,,,,,,,,,,,,,,,,,,,,,,,,
,,,,,,,,,,,,,,,,,,,,,,,,
,,,,,,,,,,,,,,,,,,,,,,,,
,,,,,,,,,,,,,,,,,,,,,,,,
,,,,,,,,,,,,,,,,,,,,,,,,
,,,,,,,,,,,,,,,,,,,,,,,,
,,,,,,,,,,,,,,,,,,,,,,,,
,,,,,,,,,,,,,,,,,,,,,,,,
,,,,,,,,,,,,,,,,,,,,,,,,
,,,,,,,,,,,,,,,,,,,,,,,,
,,,,,,,,,,,,,,,,,,,,,,,,
,,,,,,,,,,,,,,,,,,,,,,,,
,,,,,,,,,,,,,,,,,,,,,,,,
,,,,,,,,,,,,,,,,,,,,,,,,
,,,,,,,,,,,,,,,,,,,,,,,,
,,,,,,,,,,,,,,,,,,,,,,,,
,,,,,,,,,,,,,,,,,,,,,,,,
,,,,,,,,,,,,,,,,,,,,,,,,
,,,,,,,,,,,,,,,,,,,,,,,,
,,,,,,,,,,,,,,,,,,,,,,,,
,,,,,,,,,,,,,,,,,,,,,,,,
,,,,,,,,,,,,,,,,,,,,,,,,
,,,,,,,,,,,,,,,,,,,,,,,,
,,,,,,,,,,,,,,,,,,,,,,,,
,,,,,,,,,,,,,,,,,,,,,,,,
,,,,,,,,,,,,,,,,,,,,,,,,
,,,,,,,,,,,,,,,,,,,,,,,,
,,,,,,,,,,,,,,,,,,,,,,,,
,,,,,,,,,,,,,,,,,,,,,,,,
,,,,,,,,,,,,,,,,,,,,,,,,
,,,,,,,,,,,,,,,,,,,,,,,,
,,,,,,,,,,,,,,,,,,,,,,,,
,,,,,,,,,,,,,,,,,,,,,,,,
,,,,,,,,,,,,,,,,,,,,,,,,
,,,,,,,,,,,,,,,,,,,,,,,,
,,,,,,,,,,,,,,,,,,,,,,,,
,,,,,,,,,,,,,,,,,,,,,,,,
,,,,,,,,,,,,,,,,,,,,,,,,
,,,,,,,,,,,,,,,,,,,,,,,,
,,,,,,,,,,,,,,,,,,,,,,,,
,,,,,,,,,,,,,,,,,,,,,,,,
,,,,,,,,,,,,,,,,,,,,,,,,
,,,,,,,,,,,,,,,,,,,,,,,,
,,,,,,,,,,,,,,,,,,,,,,,,
,,,,,,,,,,,,,,,,,,,,,,,,
,,,,,,,,,,,,,,,,,,,,,,,,
,,,,,,,,,,,,,,,,,,,,,,,,
,,,,,,,,,,,,,,,,,,,,,,,,
,,,,,,,,,,,,,,,,,,,,,,,,
,,,,,,,,,,,,,,,,,,,,,,,,
,,,,,,,,,,,,,,,,,,,,,,,,
,,,,,,,,,,,,,,,,,,,,,,,,
,,,,,,,,,,,,,,,,,,,,,,,,
,,,,,,,,,,,,,,,,,,,,,,,,
,,,,,,,,,,,,,,,,,,,,,,,,
,,,,,,,,,,,,,,,,,,,,,,,,
,,,,,,,,,,,,,,,,,,,,,,,,
,,,,,,,,,,,,,,,,,,,,,,,,
,,,,,,,,,,,,,,,,,,,,,,,,
,,,,,,,,,,,,,,,,,,,,,,,,
,,,,,,,,,,,,,,,,,,,,,,,,
,,,,,,,,,,,,,,,,,,,,,,,,
,,,,,,,,,,,,,,,,,,,,,,,,
,,,,,,,,,,,,,,,,,,,,,,,,
,,,,,,,,,,,,,,,,,,,,,,,,
,,,,,,,,,,,,,,,,,,,,,,,,
,,,,,,,,,,,,,,,,,,,,,,,,
,,,,,,,,,,,,,,,,,,,,,,,,
,,,,,,,,,,,,,,,,,,,,,,,,
,,,,,,,,,,,,,,,,,,,,,,,,
,,,,,,,,,,,,,,,,,,,,,,,,
,,,,,,,,,,,,,,,,,,,,,,,,
,,,,,,,,,,,,,,,,,,,,,,,,
,,,,,,,,,,,,,,,,,,,,,,,,
,,,,,,,,,,,,,,,,,,,,,,,,
,,,,,,,,,,,,,,,,,,,,,,,,
,,,,,,,,,,,,,,,,,,,,,,,,
,,,,,,,,,,,,,,,,,,,,,,,,
,,,,,,,,,,,,,,,,,,,,,,,,
,,,,,,,,,,,,,,,,,,,,,,,,
,,,,,,,,,,,,,,,,,,,,,,,,
,,,,,,,,,,,,,,,,,,,,,,,,
,,,,,,,,,,,,,,,,,,,,,,,,
,,,,,,,,,,,,,,,,,,,,,,,,
,,,,,,,,,,,,,,,,,,,,,,,,
,,,,,,,,,,,,,,,,,,,,,,,,
,,,,,,,,,,,,,,,,,,,,,,,,
,,,,,,,,,,,,,,,,,,,,,,,,
,,,,,,,,,,,,,,,,,,,,,,,,
,,,,,,,,,,,,,,,,,,,,,,,,
,,,,,,,,,,,,,,,,,,,,,,,,
,,,,,,,,,,,,,,,,,,,,,,,,
,,,,,,,,,,,,,,,,,,,,,,,,
,,,,,,,,,,,,,,,,,,,,,,,,